{
  "type": "FeatureCollection",
  "features": [
    {
      "type": "Feature",
      "properties": {
        "shapeName": "Kherson Oblast",
        "shapeISO": "UA-65",
        "shapeID": "14850775B65901307765467",
        "shapeGroup": "UKR",
        "shapeType": "ADM1"
      },
      "geometry": {
        "type": "Polygon",
        "coordinates": [
          [
            [
              35.2334204,
              45.7917299
            ],
            [
              35.2263236,
              45.8173925
            ],
            [
              35.2151647,
              45.8401574
            ],
            [
              35.199837,
              45.8617041
            ],
            [
              35.1739108,
              45.8873198
            ],
            [
              35.1661348,
              45.9068986
            ],
            [
              35.1509695,
              45.9315235
            ],
            [
              35.19237360000001,
              45.9348755
            ],
            [
              35.2418565,
              45.9453848
            ],
            [
              35.2874403,
              45.9624012
            ],
            [
              35.3273733,
              45.9852651
            ],
            [
              35.3500872,
              46.0033274
            ],
            [
              35.3692134,
              46.0232881
            ],
            [
              35.384424399999986,
              46.0448037
            ],
            [
              35.3911545,
              46.057589
            ],
            [
              35.4222254,
              46.0810777
            ],
            [
              35.4413515,
              46.1010103
            ],
            [
              35.4565625,
              46.1224956
            ],
            [
              35.4680391,
              46.1464862
            ],
            [
              35.3757487,
              46.1944895
            ],
            [
              35.2780627,
              46.264581
            ],
            [
              35.2534755,
              46.2710593
            ],
            [
              35.2274451,
              46.2812001
            ],
            [
              35.1694604,
              46.2944092
            ],
            [
              35.128223,
              46.3020878
            ],
            [
              35.0956105,
              46.3017269
            ],
            [
              35.0735362,
              46.2998986
            ],
            [
              35.0672758,
              46.3289991
            ],
            [
              35.0692533,
              46.3301742
            ],
            [
              35.06590280000001,
              46.3359148
            ],
            [
              35.0582559,
              46.3755365
            ],
            [
              35.0674756,
              46.3764614
            ],
            [
              35.0710047,
              46.3797609
            ],
            [
              35.0534528,
              46.4815667
            ],
            [
              35.0222178,
              46.4793022
            ],
            [
              34.95308149999999,
              46.5037628
            ],
            [
              34.9484152,
              46.503464
            ],
            [
              34.9472209,
              46.5124675
            ],
            [
              34.8903855,
              46.5067797
            ],
            [
              34.885143,
              46.5367184
            ],
            [
              34.8950368,
              46.5376268
            ],
            [
              34.8912198,
              46.5625704
            ],
            [
              34.7576007,
              46.5493238
            ],
            [
              34.748275,
              46.5841895
            ],
            [
              34.7232991,
              46.5814666
            ],
            [
              34.7127641,
              46.6200738
            ],
            [
              34.7563087,
              46.6269756
            ],
            [
              34.7461772,
              46.6832188
            ],
            [
              34.6851011,
              46.6770294
            ],
            [
              34.6835688,
              46.6772691
            ],
            [
              34.6808284,
              46.6919901
            ],
            [
              34.6322356,
              46.6876186
            ],
            [
              34.6252257,
              46.723972
            ],
            [
              34.6612754,
              46.7271564
            ],
            [
              34.6586929,
              46.7403319
            ],
            [
              34.73500520000001,
              46.7473443
            ],
            [
              34.735172200000015,
              46.7570629
            ],
            [
              34.7504856,
              46.7578954
            ],
            [
              34.7501431,
              46.7805134
            ],
            [
              34.7675765,
              46.7809131
            ],
            [
              34.7581324,
              46.8227066
            ],
            [
              34.817047399999986,
              46.82893510000001
            ],
            [
              34.8126588,
              46.8336305
            ],
            [
              34.8046826,
              46.8825274
            ],
            [
              34.7525692,
              46.8795369
            ],
            [
              34.7361514,
              46.9614556
            ],
            [
              34.6854556,
              46.9558631
            ],
            [
              34.6809711,
              46.9791411
            ],
            [
              34.6542543,
              46.9766286
            ],
            [
              34.6425991,
              46.9741138
            ],
            [
              34.6238427,
              46.9733971
            ],
            [
              34.6205819,
              46.9881738
            ],
            [
              34.6174822,
              46.99331580000001
            ],
            [
              34.5996222,
              46.9917725
            ],
            [
              34.5916567,
              47.0267916
            ],
            [
              34.5672697,
              47.0244915
            ],
            [
              34.5534973,
              47.1059694
            ],
            [
              34.5195021,
              47.1047491
            ],
            [
              34.4909976,
              47.2406
            ],
            [
              34.4908861,
              47.2468443
            ],
            [
              34.5300976,
              47.2507598
            ],
            [
              34.5272052,
              47.2674288
            ],
            [
              34.5236425,
              47.26717030000001
            ],
            [
              34.5182002,
              47.2835488
            ],
            [
              34.4877638,
              47.2799494
            ],
            [
              34.4804555,
              47.3077858
            ],
            [
              34.4794346,
              47.3151248
            ],
            [
              34.5138315,
              47.3181455
            ],
            [
              34.5146898,
              47.3225547
            ],
            [
              34.5132134,
              47.3243997
            ],
            [
              34.5086227,
              47.32538
            ],
            [
              34.5088162,
              47.3277382
            ],
            [
              34.5161696,
              47.3332205
            ],
            [
              34.5158861,
              47.3362281
            ],
            [
              34.5121334,
              47.3386697
            ],
            [
              34.5046165,
              47.3400705
            ],
            [
              34.5003723,
              47.3385051
            ],
            [
              34.4984492,
              47.334959
            ],
            [
              34.4920185,
              47.332266
            ],
            [
              34.4134848,
              47.3233412
            ],
            [
              34.4187949,
              47.3009396
            ],
            [
              34.3987212,
              47.298378100000015
            ],
            [
              34.4012258,
              47.2871716
            ],
            [
              34.3695731,
              47.2835733
            ],
            [
              34.3576058,
              47.2933836
            ],
            [
              34.3290637,
              47.2907036
            ],
            [
              34.3053474,
              47.269141
            ],
            [
              34.3022536,
              47.2729715
            ],
            [
              34.29973870000001,
              47.2722433
            ],
            [
              34.29299390000001,
              47.2743463
            ],
            [
              34.282583,
              47.3176625
            ],
            [
              34.2817997,
              47.3240861
            ],
            [
              34.2834383,
              47.3263116
            ],
            [
              34.2711741,
              47.3622316
            ],
            [
              34.2599647,
              47.3606487
            ],
            [
              34.2529149,
              47.3911219
            ],
            [
              34.2563617,
              47.3942107
            ],
            [
              34.2529693,
              47.4094825
            ],
            [
              34.2426886,
              47.4338649
            ],
            [
              34.230114,
              47.4460149
            ],
            [
              34.2184503,
              47.452729
            ],
            [
              34.1699642,
              47.4690813
            ],
            [
              34.1394646,
              47.4772499
            ],
            [
              34.0608047,
              47.4685901
            ],
            [
              34.0033403,
              47.4566155
            ],
            [
              33.9970431,
              47.4594667
            ],
            [
              33.9870479,
              47.45788719999999
            ],
            [
              33.9778285,
              47.4593227
            ],
            [
              33.9547773,
              47.4575536
            ],
            [
              33.951341,
              47.4615802
            ],
            [
              33.9467374,
              47.5012777
            ],
            [
              33.9420865,
              47.5082768
            ],
            [
              33.9408165,
              47.5148436
            ],
            [
              33.9348228,
              47.5162966
            ],
            [
              33.9067329,
              47.5117889
            ],
            [
              33.6436096,
              47.4845268
            ],
            [
              33.6359662,
              47.5140686
            ],
            [
              33.6037327,
              47.5103641
            ],
            [
              33.6050084,
              47.5041566
            ],
            [
              33.588445,
              47.5023016
            ],
            [
              33.5803921,
              47.5324929
            ],
            [
              33.5714555,
              47.5242037
            ],
            [
              33.5873041,
              47.5409618
            ],
            [
              33.59253730000001,
              47.544415
            ],
            [
              33.5886516,
              47.5582341
            ],
            [
              33.6090873,
              47.5609181
            ],
            [
              33.605488,
              47.575002
            ],
            [
              33.5922908,
              47.573653
            ],
            [
              33.5881313,
              47.5887344
            ],
            [
              33.5838111,
              47.5882285
            ],
            [
              33.5803214,
              47.600194
            ],
            [
              33.473719,
              47.5873296
            ],
            [
              33.4861004,
              47.5439264
            ],
            [
              33.3264657,
              47.5230895
            ],
            [
              33.3226885,
              47.5235625
            ],
            [
              33.3300843,
              47.5101208
            ],
            [
              33.3488161,
              47.4936669
            ],
            [
              33.3142543,
              47.4825445
            ],
            [
              33.3071617,
              47.486159
            ],
            [
              33.3137051,
              47.4885994
            ],
            [
              33.3149605,
              47.4907056
            ],
            [
              33.3099863,
              47.5016046
            ],
            [
              33.29631950000001,
              47.5039827
            ],
            [
              33.2792403,
              47.5167806
            ],
            [
              33.2787682,
              47.5199978
            ],
            [
              33.2865148,
              47.52547830000001
            ],
            [
              33.2884945,
              47.531703
            ],
            [
              33.287995,
              47.5419471
            ],
            [
              33.2855917,
              47.5441343
            ],
            [
              33.2792832,
              47.5460897
            ],
            [
              33.2731248,
              47.5460752
            ],
            [
              33.2619883,
              47.5409187
            ],
            [
              33.2558085,
              47.5358631
            ],
            [
              33.2418181,
              47.5303578
            ],
            [
              33.2314111,
              47.52935810000001
            ],
            [
              33.228514300000015,
              47.5312271
            ],
            [
              33.2226135,
              47.5305462
            ],
            [
              33.2154252,
              47.5330381
            ],
            [
              33.2150604,
              47.534313
            ],
            [
              33.22175520000001,
              47.5395571
            ],
            [
              33.2216479,
              47.5446413
            ],
            [
              33.2180859,
              47.548407
            ],
            [
              33.2300164,
              47.5549531
            ],
            [
              33.2359602,
              47.5631489
            ],
            [
              33.2374193,
              47.5717054
            ],
            [
              33.2339646,
              47.577076
            ],
            [
              33.2301451,
              47.5777418
            ],
            [
              33.22613250000001,
              47.5736742
            ],
            [
              33.208515800000015,
              47.56951930000001
            ],
            [
              33.19806590000001,
              47.5696496
            ],
            [
              33.184935,
              47.5728214
            ],
            [
              33.1718551,
              47.5666814
            ],
            [
              33.0926838,
              47.5788322
            ],
            [
              33.0888625,
              47.5521654
            ],
            [
              33.0949698,
              47.5276253
            ],
            [
              33.1413235,
              47.5445215
            ],
            [
              33.1417425,
              47.5434739
            ],
            [
              33.1468637,
              47.5146486
            ],
            [
              33.1232429,
              47.5079417
            ],
            [
              33.1300994,
              47.482542
            ],
            [
              33.12539810000001,
              47.4763361
            ],
            [
              33.1310387,
              47.4578746
            ],
            [
              33.1378337,
              47.4195283
            ],
            [
              33.0715543,
              47.4124492
            ],
            [
              33.070533,
              47.4748122
            ],
            [
              33.0667949,
              47.4749215
            ],
            [
              33.0472559,
              47.4684701
            ],
            [
              33.0538642,
              47.4440506
            ],
            [
              33.0341304,
              47.4416307
            ],
            [
              33.0372238,
              47.4258875
            ],
            [
              33.0292793,
              47.4228555
            ],
            [
              33.0359379,
              47.3911547
            ],
            [
              33.0392937,
              47.3796948
            ],
            [
              33.122145,
              47.3900959
            ],
            [
              33.1322319,
              47.3456417
            ],
            [
              33.1372968,
              47.3336504
            ],
            [
              33.1332488,
              47.3323135
            ],
            [
              33.1306492,
              47.32855630000001
            ],
            [
              33.1029147,
              47.3223493
            ],
            [
              33.11078,
              47.3010186
            ],
            [
              33.1098618,
              47.2968786
            ],
            [
              33.1115348,
              47.293926
            ],
            [
              33.1020838,
              47.2906506
            ],
            [
              33.1052117,
              47.280462
            ],
            [
              33.1185042,
              47.2819721
            ],
            [
              33.12017320000001,
              47.2776867
            ],
            [
              33.13953230000001,
              47.272333900000014
            ],
            [
              33.1361639,
              47.2677686
            ],
            [
              33.1828442,
              47.2386218
            ],
            [
              33.1758533,
              47.2379663
            ],
            [
              33.1719971,
              47.23411680000001
            ],
            [
              33.16619690000001,
              47.2341253
            ],
            [
              33.16255670000001,
              47.23203630000001
            ],
            [
              33.159555,
              47.2330876
            ],
            [
              33.1636149,
              47.235319
            ],
            [
              33.1620813,
              47.23655870000001
            ],
            [
              33.152572,
              47.2348582
            ],
            [
              33.1444537,
              47.2304421
            ],
            [
              33.1335593,
              47.2330256
            ],
            [
              33.1282443,
              47.23131820000001
            ],
            [
              33.126968,
              47.2235612
            ],
            [
              33.1295396,
              47.2179894
            ],
            [
              33.13371930000001,
              47.2132248
            ],
            [
              33.142931,
              47.2098343
            ],
            [
              33.1385213,
              47.2063175
            ],
            [
              33.1296424,
              47.2028056
            ],
            [
              33.1176324,
              47.2040085
            ],
            [
              33.110127,
              47.2072055
            ],
            [
              33.1041707,
              47.2131126
            ],
            [
              33.1052252,
              47.2165387
            ],
            [
              33.0971346,
              47.2236855
            ],
            [
              33.0883305,
              47.2232166
            ],
            [
              33.0804306,
              47.2199858
            ],
            [
              33.0721214,
              47.22337070000001
            ],
            [
              33.0741395,
              47.2175625
            ],
            [
              33.0675061,
              47.220136900000014
            ],
            [
              33.0655485,
              47.2189481
            ],
            [
              33.0661548,
              47.200813
            ],
            [
              33.05468659999999,
              47.19212130000001
            ],
            [
              33.0361795,
              47.1875473
            ],
            [
              33.0356524,
              47.1824307
            ],
            [
              33.0386166,
              47.1783839
            ],
            [
              33.0366964,
              47.1777301
            ],
            [
              33.0254393,
              47.1765432
            ],
            [
              33.0144459,
              47.1804719
            ],
            [
              33.0118799,
              47.1840547
            ],
            [
              33.0130514,
              47.1876712
            ],
            [
              33.0113939,
              47.1913007
            ],
            [
              33.0051697,
              47.1962707
            ],
            [
              33.0004037,
              47.19555680000001
            ],
            [
              33.0005608,
              47.19279610000001
            ],
            [
              33.0042091,
              47.1909874
            ],
            [
              33.0023238,
              47.1894167
            ],
            [
              32.9951667,
              47.1918441
            ],
            [
              32.9894588,
              47.1898446
            ],
            [
              32.9908109,
              47.1938013
            ],
            [
              32.9889343,
              47.1939498
            ],
            [
              32.981254,
              47.1913607
            ],
            [
              32.961355,
              47.1896302
            ],
            [
              32.9607042,
              47.1844835
            ],
            [
              32.947374,
              47.1620773
            ],
            [
              32.9312515,
              47.1499015
            ],
            [
              32.9200065,
              47.146116
            ],
            [
              32.9178741,
              47.1434371
            ],
            [
              32.919198,
              47.1329962
            ],
            [
              32.9111437,
              47.12677270000001
            ],
            [
              32.9068393,
              47.1205517
            ],
            [
              32.9124278,
              47.1145766
            ],
            [
              32.9146216,
              47.1052965
            ],
            [
              32.9108842,
              47.09952230000001
            ],
            [
              32.9103274,
              47.0938696
            ],
            [
              32.9166978,
              47.0871808
            ],
            [
              32.9238864,
              47.0858174
            ],
            [
              32.9305061,
              47.0803916
            ],
            [
              33.06857030000001,
              47.0221965
            ],
            [
              33.0227575,
              46.9729052
            ],
            [
              32.9496959,
              47.0031886
            ],
            [
              32.9339743,
              46.9862828
            ],
            [
              32.9418132,
              46.9737922
            ],
            [
              32.9496623,
              46.9465451
            ],
            [
              32.9755524,
              46.9490526
            ],
            [
              32.9794684,
              46.9335239
            ],
            [
              32.921715,
              46.9266563
            ],
            [
              32.9260797,
              46.9106537
            ],
            [
              32.9246045,
              46.9100577
            ],
            [
              32.8414564,
              46.900036
            ],
            [
              32.8392106,
              46.8962844
            ],
            [
              32.8420803,
              46.8945033
            ],
            [
              32.8419142,
              46.8919446
            ],
            [
              32.8360347,
              46.8845583
            ],
            [
              32.8409021,
              46.8820066
            ],
            [
              32.8564489,
              46.8770292
            ],
            [
              32.9152698,
              46.883276
            ],
            [
              32.9198948,
              46.8661432
            ],
            [
              32.9462653,
              46.8686577
            ],
            [
              32.9491152,
              46.8579487
            ],
            [
              32.8716194,
              46.8467613
            ],
            [
              32.8136251,
              46.8401364
            ],
            [
              32.8147714,
              46.8346046
            ],
            [
              32.776203,
              46.8311441
            ],
            [
              32.7794364,
              46.8249027
            ],
            [
              32.7715653,
              46.8207817
            ],
            [
              32.7674922,
              46.820595
            ],
            [
              32.7645995,
              46.8279672
            ],
            [
              32.7484841,
              46.8259694
            ],
            [
              32.7429267,
              46.8279205
            ],
            [
              32.7013967,
              46.8207644
            ],
            [
              32.6978757,
              46.8226363
            ],
            [
              32.68788449999999,
              46.8620814
            ],
            [
              32.6174686,
              46.85440469999999
            ],
            [
              32.6149533,
              46.8543962
            ],
            [
              32.6152095,
              46.8559751
            ],
            [
              32.6111053,
              46.8587863
            ],
            [
              32.5854524,
              46.8558401
            ],
            [
              32.5836015,
              46.85964149999999
            ],
            [
              32.5785743,
              46.8591471
            ],
            [
              32.5775016,
              46.8631892
            ],
            [
              32.5717759,
              46.8632274
            ],
            [
              32.5704869,
              46.8725642
            ],
            [
              32.5467399,
              46.869438
            ],
            [
              32.5442811,
              46.8831729
            ],
            [
              32.5337954,
              46.88146459999999
            ],
            [
              32.5417418,
              46.8501696
            ],
            [
              32.526146,
              46.84844
            ],
            [
              32.5319975,
              46.8237711
            ],
            [
              32.4693254,
              46.816568
            ],
            [
              32.4632807,
              46.8404296
            ],
            [
              32.4191401,
              46.8363506
            ],
            [
              32.3653801,
              46.8292647
            ],
            [
              32.3728903,
              46.7990798
            ],
            [
              32.3416307,
              46.7954457
            ],
            [
              32.3147034,
              46.8059881
            ],
            [
              32.2275364,
              46.8452028
            ],
            [
              32.2314146,
              46.8386739
            ],
            [
              32.2522118,
              46.81960439999999
            ],
            [
              32.2304225,
              46.8085056
            ],
            [
              32.2096967,
              46.8057258
            ],
            [
              32.2186855,
              46.7713054
            ],
            [
              32.16895310000001,
              46.7635024
            ],
            [
              32.171543,
              46.75232290000001
            ],
            [
              32.1118177,
              46.7451273
            ],
            [
              32.1088909,
              46.752464
            ],
            [
              32.05715,
              46.7446436
            ],
            [
              32.0609094,
              46.7279785
            ],
            [
              32.0756701,
              46.729975900000014
            ],
            [
              32.0869547,
              46.6835172
            ],
            [
              32.0718979,
              46.6818729
            ],
            [
              32.0714344,
              46.6836777
            ],
            [
              32.0207063,
              46.6775492
            ],
            [
              32.030712,
              46.6689345
            ],
            [
              31.9874104,
              46.6641164
            ],
            [
              31.9890455,
              46.6591978
            ],
            [
              31.9401854,
              46.6509997
            ],
            [
              31.845679,
              46.4979457
            ],
            [
              31.8327464,
              46.499909
            ],
            [
              31.8187783,
              46.49552880000001
            ],
            [
              31.8144298,
              46.4926275
            ],
            [
              31.8072011,
              46.4789798
            ],
            [
              31.8306389,
              46.3532824
            ],
            [
              31.3814661,
              46.4076023
            ],
            [
              31.1590964,
              46.4096818
            ],
            [
              31.1998745,
              46.404396
            ],
            [
              31.2372722,
              46.4031776
            ],
            [
              31.2335704,
              46.387153
            ],
            [
              31.2317777,
              46.3597165
            ],
            [
              31.2354164,
              46.3323533
            ],
            [
              31.2395833,
              46.3180155
            ],
            [
              31.239739,
              46.2838237
            ],
            [
              31.2460744,
              46.2566582
            ],
            [
              31.2512379,
              46.2433579
            ],
            [
              31.2654363,
              46.217633
            ],
            [
              31.2845662,
              46.1934741
            ],
            [
              31.2958725,
              46.1821246
            ],
            [
              31.3217046,
              46.1611517
            ],
            [
              31.3436306,
              46.1472926
            ],
            [
              31.3789842,
              46.116737
            ],
            [
              31.4086996,
              46.09837390000001
            ],
            [
              31.424843,
              46.0902872
            ],
            [
              31.4593257,
              46.0764938
            ],
            [
              31.496195,
              46.0660832
            ],
            [
              31.5367522,
              46.0590466
            ],
            [
              31.5784253,
              46.0443529
            ],
            [
              31.6162327,
              46.0357073
            ],
            [
              31.6553839,
              46.03071520000001
            ],
            [
              31.6802135,
              46.0295837
            ],
            [
              31.7062203,
              46.022538900000015
            ],
            [
              31.7447895,
              46.0157018
            ],
            [
              31.7644879,
              46.0136693
            ],
            [
              31.8036251,
              46.0124291
            ],
            [
              31.8453512,
              46.0025607
            ],
            [
              31.8924887,
              45.9971252
            ],
            [
              31.9107437,
              45.9903347
            ],
            [
              31.947613,
              45.9799079
            ],
            [
              31.9985396,
              45.9717896
            ],
            [
              32.0239391,
              45.9619012
            ],
            [
              32.0608085,
              45.951469
            ],
            [
              32.0993777,
              45.9446232
            ],
            [
              32.1429798,
              45.9414617
            ],
            [
              32.1648595,
              45.9344364
            ],
            [
              32.202667,
              45.9257736
            ],
            [
              32.2475868,
              45.9204531
            ],
            [
              32.2748785,
              45.9097351
            ],
            [
              32.3117478,
              45.8992931
            ],
            [
              32.350317,
              45.8924408
            ],
            [
              32.3774797,
              45.8899915
            ],
            [
              32.4089799,
              45.8793962
            ],
            [
              32.4467873,
              45.8707248
            ],
            [
              32.4859385,
              45.8657178
            ],
            [
              32.5279336,
              45.8645587
            ],
            [
              32.5790759,
              45.8517299
            ],
            [
              32.6182271,
              45.8467212
            ],
            [
              32.6626395,
              45.8456584
            ],
            [
              32.7140922,
              45.8327284
            ],
            [
              32.733545,
              45.8297573
            ],
            [
              32.7727018,
              45.8266419
            ],
            [
              33.1866939,
              45.926666
            ],
            [
              33.5407189,
              46.0120312
            ],
            [
              33.5911874,
              46.0612472
            ],
            [
              33.572132900000014,
              46.1025643
            ],
            [
              33.6147942,
              46.1346903
            ],
            [
              33.6412746,
              46.1424429
            ],
            [
              33.6355706,
              46.1463365
            ],
            [
              33.6152408,
              46.2262179
            ],
            [
              33.6459447,
              46.2301515
            ],
            [
              33.6654505,
              46.22132280000001
            ],
            [
              33.6855494,
              46.2064204
            ],
            [
              33.6995994,
              46.20285530000001
            ],
            [
              33.7399776,
              46.1852474
            ],
            [
              33.7503231,
              46.18772
            ],
            [
              33.7726027,
              46.1976249
            ],
            [
              33.7968936,
              46.2030156
            ],
            [
              33.811324,
              46.203796
            ],
            [
              33.8486859,
              46.1996667
            ],
            [
              33.86133,
              46.1945116
            ],
            [
              33.905124,
              46.1654361
            ],
            [
              33.9185407,
              46.1582953
            ],
            [
              33.9847014,
              46.1347466
            ],
            [
              33.9982336,
              46.1264504
            ],
            [
              34.0526389,
              46.1091293
            ],
            [
              34.0695052,
              46.1166994
            ],
            [
              34.0809285,
              46.117556
            ],
            [
              34.1174996,
              46.1072692
            ],
            [
              34.1314309,
              46.1002124
            ],
            [
              34.1450093,
              46.0866862
            ],
            [
              34.1843736,
              46.0668628
            ],
            [
              34.2477875,
              46.0532232
            ],
            [
              34.3295267,
              46.0606161
            ],
            [
              34.3396228,
              46.0578798
            ],
            [
              34.3471695,
              46.0549489
            ],
            [
              34.4049875,
              46.0092864
            ],
            [
              34.4107666,
              45.9992636
            ],
            [
              34.4131796,
              45.9897359
            ],
            [
              34.4369402,
              45.9666649
            ],
            [
              34.45721,
              45.9524054
            ],
            [
              34.4762212,
              45.9441393
            ],
            [
              34.4868901,
              45.9424418
            ],
            [
              34.498434,
              45.9428504
            ],
            [
              34.5109022,
              45.9480281
            ],
            [
              34.5269998,
              45.9590021
            ],
            [
              34.5443875,
              45.9761218
            ],
            [
              34.5448398,
              45.9790277
            ],
            [
              34.5542176,
              45.9904652
            ],
            [
              34.5611691,
              45.9943843
            ],
            [
              34.5816123,
              45.9956678
            ],
            [
              34.6011392,
              45.9941699
            ],
            [
              34.628541,
              45.9864034
            ],
            [
              34.6549879,
              45.97549
            ],
            [
              34.66991080000001,
              45.9676437
            ],
            [
              34.7540112,
              45.9088363
            ],
            [
              34.8021689,
              45.9006479
            ],
            [
              34.7990874,
              45.8104643
            ],
            [
              34.876163,
              45.7904304
            ],
            [
              34.9411705,
              45.7658247
            ],
            [
              34.9597746,
              45.7565682
            ],
            [
              34.9750832,
              45.76201720000001
            ],
            [
              35.2334204,
              45.7917299
            ]
          ]
        ]
      }
    },
    {
      "type": "Feature",
      "properties": {
        "shapeName": "Luhansk Oblast",
        "shapeISO": "UA-09",
        "shapeID": "14850775B31033086218351",
        "shapeGroup": "UKR",
        "shapeType": "ADM1"
      },
      "geometry": {
        "type": "Polygon",
        "coordinates": [
          [
            [
              37.8744385,
              49.2338782
            ],
            [
              37.8734177,
              49.2231661
            ],
            [
              37.8897931,
              49.218918
            ],
            [
              37.8903089,
              49.211909
            ],
            [
              37.9174588,
              49.21541530000001
            ],
            [
              37.933298,
              49.220795
            ],
            [
              37.9427266,
              49.214114
            ],
            [
              37.9197375,
              49.2064319
            ],
            [
              37.9237449,
              49.2058689
            ],
            [
              37.9350483,
              49.191823
            ],
            [
              37.91397,
              49.1865792
            ],
            [
              37.9071565,
              49.1836099
            ],
            [
              37.9059891,
              49.180645
            ],
            [
              37.8930733,
              49.1747449
            ],
            [
              37.90271890000001,
              49.1664817
            ],
            [
              37.8933618,
              49.16051490000001
            ],
            [
              37.926508,
              49.1438362
            ],
            [
              37.9444101,
              49.13911090000001
            ],
            [
              37.9562862,
              49.1428534
            ],
            [
              37.9607185,
              49.1358245
            ],
            [
              37.9748503,
              49.1347698
            ],
            [
              37.9807016,
              49.130563
            ],
            [
              38.0403885,
              49.1266972
            ],
            [
              38.0441743,
              49.150456
            ],
            [
              38.0669428,
              49.1466203
            ],
            [
              38.08158739999999,
              49.1479994
            ],
            [
              38.0837737,
              49.1345201
            ],
            [
              38.0679514,
              49.0965889
            ],
            [
              38.061697,
              49.0632062
            ],
            [
              38.0530894,
              49.058901
            ],
            [
              38.0730262,
              49.0398867
            ],
            [
              38.0978731,
              48.9988289
            ],
            [
              38.0988686,
              48.9922557
            ],
            [
              38.0803863,
              48.99217190000001
            ],
            [
              38.0550967,
              48.9864855
            ],
            [
              38.0509099,
              48.98233530000001
            ],
            [
              38.0577744,
              48.9757395
            ],
            [
              38.0524498,
              48.971588
            ],
            [
              38.0539894,
              48.9648687
            ],
            [
              38.0301736,
              48.9741902
            ],
            [
              38.0051816,
              48.9466404
            ],
            [
              38.0369834,
              48.9434046
            ],
            [
              38.0383164,
              48.9253255
            ],
            [
              38.0468942,
              48.9367241
            ],
            [
              38.0542127,
              48.9396576
            ],
            [
              38.0630601,
              48.9368062
            ],
            [
              38.0926364,
              48.9391373
            ],
            [
              38.09538580000001,
              48.9342945
            ],
            [
              38.1144041,
              48.931673
            ],
            [
              38.1173623,
              48.9266783
            ],
            [
              38.1247005,
              48.926601
            ],
            [
              38.1310732,
              48.9239084
            ],
            [
              38.1356776,
              48.9248947
            ],
            [
              38.1392384,
              48.9311453
            ],
            [
              38.1434078,
              48.9322803
            ],
            [
              38.1964012,
              48.9279599
            ],
            [
              38.2174174,
              48.9324822
            ],
            [
              38.2278914,
              48.9367573
            ],
            [
              38.2288668,
              48.8584695
            ],
            [
              38.2213617,
              48.839623
            ],
            [
              38.2596502,
              48.842255
            ],
            [
              38.2680679,
              48.8362274
            ],
            [
              38.2726705,
              48.8248003
            ],
            [
              38.3134821,
              48.8283026
            ],
            [
              38.3182995,
              48.8060364
            ],
            [
              38.2788297,
              48.8025615
            ],
            [
              38.2825851,
              48.7738179
            ],
            [
              38.275083,
              48.7729679
            ],
            [
              38.26297880000001,
              48.7501961
            ],
            [
              38.26753880000001,
              48.7490502
            ],
            [
              38.2831454,
              48.7372949
            ],
            [
              38.3156039,
              48.73471330000001
            ],
            [
              38.321309,
              48.7317492
            ],
            [
              38.3241372,
              48.72601990000001
            ],
            [
              38.3252758,
              48.7142397
            ],
            [
              38.3043266,
              48.712312800000014
            ],
            [
              38.30646439999999,
              48.7088197
            ],
            [
              38.3150431,
              48.7045169
            ],
            [
              38.3143574,
              48.6958179
            ],
            [
              38.30726,
              48.6878416
            ],
            [
              38.314043,
              48.6869028
            ],
            [
              38.314968,
              48.6846696
            ],
            [
              38.3060026,
              48.6821098
            ],
            [
              38.3042192,
              48.6834675
            ],
            [
              38.28315830000001,
              48.6812702
            ],
            [
              38.2877433,
              48.665226
            ],
            [
              38.26721,
              48.664098
            ],
            [
              38.26859250000001,
              48.6688754
            ],
            [
              38.2592996,
              48.66751880000001
            ],
            [
              38.2598132,
              48.6552932
            ],
            [
              38.2536279,
              48.6551266
            ],
            [
              38.2520553,
              48.657771
            ],
            [
              38.2389242,
              48.6568246
            ],
            [
              38.2387578,
              48.6547533
            ],
            [
              38.22583020000001,
              48.6524701
            ],
            [
              38.22887520000001,
              48.6340261
            ],
            [
              38.26370210000001,
              48.6367026
            ],
            [
              38.2795442,
              48.5460303
            ],
            [
              38.2735457,
              48.5454303
            ],
            [
              38.278738,
              48.5415078
            ],
            [
              38.2762358,
              48.5406318
            ],
            [
              38.2819057,
              48.535169
            ],
            [
              38.285006,
              48.5368419
            ],
            [
              38.320062,
              48.5089208
            ],
            [
              38.31142469999999,
              48.5057668
            ],
            [
              38.3119528,
              48.4984986
            ],
            [
              38.3068417,
              48.4973449
            ],
            [
              38.3034724,
              48.4945073
            ],
            [
              38.29850860000001,
              48.4951815
            ],
            [
              38.2976214,
              48.4909884
            ],
            [
              38.3066132,
              48.4847042
            ],
            [
              38.3016272,
              48.4849786
            ],
            [
              38.3050004,
              48.4749105
            ],
            [
              38.3036652,
              48.4741601
            ],
            [
              38.297537,
              48.4784438
            ],
            [
              38.29627880000001,
              48.4762661
            ],
            [
              38.2882456,
              48.4767324
            ],
            [
              38.3199606,
              48.4651207
            ],
            [
              38.3114172,
              48.4555714
            ],
            [
              38.3419712,
              48.4385615
            ],
            [
              38.343524,
              48.4379422
            ],
            [
              38.3512289,
              48.4416787
            ],
            [
              38.3566708,
              48.4411954
            ],
            [
              38.3607648,
              48.4432359
            ],
            [
              38.3714962,
              48.4430286
            ],
            [
              38.3760633,
              48.4415496
            ],
            [
              38.3822732,
              48.4296101
            ],
            [
              38.4024064,
              48.4347417
            ],
            [
              38.4008279,
              48.4400443
            ],
            [
              38.4331687,
              48.447658
            ],
            [
              38.4345859,
              48.4377446
            ],
            [
              38.4322942,
              48.4351155
            ],
            [
              38.4393977,
              48.4175264
            ],
            [
              38.4366438,
              48.3960769
            ],
            [
              38.4500969,
              48.3759133
            ],
            [
              38.4534124,
              48.3811448
            ],
            [
              38.4685977,
              48.3791475
            ],
            [
              38.4728536,
              48.367546
            ],
            [
              38.4788327,
              48.3674162
            ],
            [
              38.4887825,
              48.3644485
            ],
            [
              38.498434,
              48.3655618
            ],
            [
              38.496858,
              48.3630137
            ],
            [
              38.4710095,
              48.3600359
            ],
            [
              38.4735142,
              48.35605
            ],
            [
              38.4709524,
              48.3553334
            ],
            [
              38.4720208,
              48.3500933
            ],
            [
              38.4697679,
              48.3490855
            ],
            [
              38.4635549,
              48.3520133
            ],
            [
              38.4617699,
              48.3502347
            ],
            [
              38.4636564,
              48.348458
            ],
            [
              38.45571,
              48.3468162
            ],
            [
              38.4563502,
              48.3425761
            ],
            [
              38.4334453,
              48.3392632
            ],
            [
              38.437043,
              48.3232138
            ],
            [
              38.4393729,
              48.323474
            ],
            [
              38.4411454,
              48.3164583
            ],
            [
              38.4345811,
              48.3146984
            ],
            [
              38.4281664,
              48.3083439
            ],
            [
              38.4279828,
              48.3031279
            ],
            [
              38.4332719,
              48.29957560000001
            ],
            [
              38.4337894,
              48.2971971
            ],
            [
              38.4281847,
              48.2934769
            ],
            [
              38.4274095,
              48.2904673
            ],
            [
              38.4294942,
              48.2900808
            ],
            [
              38.4249672,
              48.2881049
            ],
            [
              38.4283873,
              48.284252
            ],
            [
              38.4260605,
              48.2813202
            ],
            [
              38.4270415,
              48.2782877
            ],
            [
              38.5210936,
              48.27297520000001
            ],
            [
              38.5210368,
              48.2785637
            ],
            [
              38.5240199,
              48.2784578
            ],
            [
              38.5244765,
              48.272712
            ],
            [
              38.5669617,
              48.2700742
            ],
            [
              38.5746523,
              48.2676195
            ],
            [
              38.5877545,
              48.258197
            ],
            [
              38.5911911,
              48.2517491
            ],
            [
              38.5877689,
              48.2431232
            ],
            [
              38.5895959,
              48.2396081
            ],
            [
              38.5875587,
              48.2382564
            ],
            [
              38.5882775,
              48.2344918
            ],
            [
              38.59033580000001,
              48.2343825
            ],
            [
              38.5886163,
              48.2328469
            ],
            [
              38.5890886,
              48.2273584
            ],
            [
              38.5985742,
              48.2146982
            ],
            [
              38.613443,
              48.2042668
            ],
            [
              38.6108073,
              48.19655930000001
            ],
            [
              38.6082731,
              48.1946197
            ],
            [
              38.6115366,
              48.1927675
            ],
            [
              38.6113373,
              48.190887
            ],
            [
              38.6037791,
              48.1880772
            ],
            [
              38.5981484,
              48.1800388
            ],
            [
              38.6026313,
              48.1753621
            ],
            [
              38.6024578,
              48.1722964
            ],
            [
              38.6376084,
              48.1613306
            ],
            [
              38.6406031,
              48.1630636
            ],
            [
              38.6711636,
              48.1640674
            ],
            [
              38.6663015,
              48.1581155
            ],
            [
              38.6790901,
              48.1568787
            ],
            [
              38.693663,
              48.1576626
            ],
            [
              38.689177,
              48.1503725
            ],
            [
              38.6894437,
              48.1475819
            ],
            [
              38.69654890000001,
              48.1454957
            ],
            [
              38.6974359,
              48.1482932
            ],
            [
              38.698484,
              48.1452805
            ],
            [
              38.7024335,
              48.1440431
            ],
            [
              38.70235430000001,
              48.1463565
            ],
            [
              38.7045312,
              48.1448501
            ],
            [
              38.7150937,
              48.1447963
            ],
            [
              38.7167869,
              48.1419986
            ],
            [
              38.7219412,
              48.139322
            ],
            [
              38.7373214,
              48.1345559
            ],
            [
              38.7454473,
              48.1346027
            ],
            [
              38.7566585,
              48.1317003
            ],
            [
              38.7622863,
              48.1322689
            ],
            [
              38.7656647,
              48.130377
            ],
            [
              38.7662963,
              48.1321771
            ],
            [
              38.7741461,
              48.1270389
            ],
            [
              38.7801038,
              48.1301628
            ],
            [
              38.7808044,
              48.1259096
            ],
            [
              38.7896401,
              48.12415580000001
            ],
            [
              38.79801970000001,
              48.1189312
            ],
            [
              38.8106205,
              48.1190811
            ],
            [
              38.8120781,
              48.1169705
            ],
            [
              38.8203959,
              48.1162414
            ],
            [
              38.806696,
              48.0882836
            ],
            [
              38.81748179999999,
              48.0843192
            ],
            [
              38.8087415,
              48.0780326
            ],
            [
              38.8042126,
              48.0784256
            ],
            [
              38.79952690000001,
              48.0747152
            ],
            [
              38.8039879,
              48.071303
            ],
            [
              38.8031906,
              48.0703088
            ],
            [
              38.8179226,
              48.0659146
            ],
            [
              38.8241029,
              48.0742751
            ],
            [
              38.8293027,
              48.0774432
            ],
            [
              38.826834,
              48.0692337
            ],
            [
              38.8297698,
              48.0683545
            ],
            [
              38.826754,
              48.0656663
            ],
            [
              38.8304809,
              48.0633834
            ],
            [
              38.8272786,
              48.0606015
            ],
            [
              38.8314692,
              48.0579098
            ],
            [
              38.8219061,
              48.057328
            ],
            [
              38.8213193,
              48.0516809
            ],
            [
              38.8151558,
              48.0509123
            ],
            [
              38.8126713,
              48.0479449
            ],
            [
              38.8195003,
              48.0423906
            ],
            [
              38.8213309,
              48.0430268
            ],
            [
              38.825587,
              48.0380445
            ],
            [
              38.8213775,
              48.0358527
            ],
            [
              38.8253525,
              48.0297743
            ],
            [
              38.8540755,
              48.0204487
            ],
            [
              38.8612538,
              48.0147577
            ],
            [
              39.0398439,
              48.0069404
            ],
            [
              39.0434811,
              47.9887473
            ],
            [
              39.0385008,
              47.9563534
            ],
            [
              39.0460108,
              47.9562364
            ],
            [
              39.0479358,
              47.9539322
            ],
            [
              39.0529809,
              47.9547295
            ],
            [
              39.0507101,
              47.9509422
            ],
            [
              39.0550733,
              47.950274
            ],
            [
              39.0570247,
              47.9468464
            ],
            [
              39.065613,
              47.9490501
            ],
            [
              39.0665226,
              47.9513149
            ],
            [
              39.0696379,
              47.9499615
            ],
            [
              39.0738359,
              47.9529286
            ],
            [
              39.0840041,
              47.9409238
            ],
            [
              39.0914413,
              47.9409895
            ],
            [
              39.0651605,
              47.8960073
            ],
            [
              39.0744646,
              47.8695196
            ],
            [
              39.0831103,
              47.86953230000001
            ],
            [
              39.0830608,
              47.851627
            ],
            [
              39.1094853,
              47.8516541
            ],
            [
              39.1094632,
              47.8426717
            ],
            [
              39.1496272,
              47.842376
            ],
            [
              39.1499219,
              47.851505
            ],
            [
              39.1622807,
              47.851569
            ],
            [
              39.1719295,
              47.8462211
            ],
            [
              39.1809689,
              47.8536801
            ],
            [
              39.2364875,
              47.85364639999999
            ],
            [
              39.2339274,
              47.8599062
            ],
            [
              39.23681,
              47.86091
            ],
            [
              39.2369366,
              47.8646499
            ],
            [
              39.241737,
              47.8670691
            ],
            [
              39.35144119999999,
              47.8669487
            ],
            [
              39.34839,
              47.871448
            ],
            [
              39.3541882,
              47.872621
            ],
            [
              39.3873086,
              47.8711604
            ],
            [
              39.4132247,
              47.8297274
            ],
            [
              39.4219565,
              47.8331576
            ],
            [
              39.4263563,
              47.8369279
            ],
            [
              39.4393541,
              47.8401865
            ],
            [
              39.4332243,
              47.8443538
            ],
            [
              39.4399605,
              47.8547661
            ],
            [
              39.4459655,
              47.8554566
            ],
            [
              39.4455053,
              47.8525775
            ],
            [
              39.4486493,
              47.8519273
            ],
            [
              39.4647546,
              47.8595452
            ],
            [
              39.472079,
              47.8589556
            ],
            [
              39.4778062,
              47.8606797
            ],
            [
              39.5209371,
              47.8256835
            ],
            [
              39.5349572,
              47.8328253
            ],
            [
              39.54251590000001,
              47.8250596
            ],
            [
              39.5606283,
              47.8328059
            ],
            [
              39.5654782,
              47.8364339
            ],
            [
              39.6216631,
              47.8363575
            ],
            [
              39.62570980000001,
              47.839133
            ],
            [
              39.6451077,
              47.8363677
            ],
            [
              39.6522289,
              47.8329947
            ],
            [
              39.7380425,
              47.8277796
            ],
            [
              39.7567387,
              47.8468232
            ],
            [
              39.7632318,
              47.8463221
            ],
            [
              39.7634486,
              47.8706904
            ],
            [
              39.7909573,
              47.8688696
            ],
            [
              39.7949201,
              47.8703755
            ],
            [
              39.7936484,
              47.9193514
            ],
            [
              39.8010971,
              47.9265368
            ],
            [
              39.8021212,
              47.9347411
            ],
            [
              39.8064707,
              47.9348333
            ],
            [
              39.8060621,
              47.9505385
            ],
            [
              39.8217387,
              47.9507538
            ],
            [
              39.8247759,
              47.955297
            ],
            [
              39.8224371,
              47.9561098
            ],
            [
              39.82338,
              47.95858
            ],
            [
              39.82149,
              47.96013
            ],
            [
              39.81789,
              47.96064
            ],
            [
              39.81703,
              47.96648
            ],
            [
              39.8189656,
              47.9675343
            ],
            [
              39.816,
              47.96802
            ],
            [
              39.81786469999999,
              47.9746891
            ],
            [
              39.821542,
              47.9769319
            ],
            [
              39.8231004,
              47.9812205
            ],
            [
              39.8223456,
              47.9831026
            ],
            [
              39.8162114,
              47.9834736
            ],
            [
              39.8149881,
              47.9856595
            ],
            [
              39.8151539,
              47.9891637
            ],
            [
              39.81857,
              47.99034
            ],
            [
              39.8164188,
              47.9908289
            ],
            [
              39.8159523,
              47.9930839
            ],
            [
              39.8178081,
              47.9947074
            ],
            [
              39.8128212,
              47.9972744
            ],
            [
              39.8164603,
              48.0013189
            ],
            [
              39.80968939999999,
              48.0028598
            ],
            [
              39.8105447,
              48.0045654
            ],
            [
              39.8038772,
              48.0057196
            ],
            [
              39.8027408,
              48.0077279
            ],
            [
              39.8003255,
              48.0069966
            ],
            [
              39.791095,
              48.0121674
            ],
            [
              39.786637,
              48.0209194
            ],
            [
              39.7835474,
              48.0227224
            ],
            [
              39.7853514,
              48.0252048
            ],
            [
              39.7832778,
              48.0258427
            ],
            [
              39.7841902,
              48.02817240000001
            ],
            [
              39.7768988,
              48.0399094
            ],
            [
              39.8833881,
              48.0416068
            ],
            [
              39.8835106,
              48.0489882
            ],
            [
              39.8476919,
              48.059076
            ],
            [
              39.8339672,
              48.0670142
            ],
            [
              39.8688876,
              48.0791953
            ],
            [
              39.87419,
              48.10896
            ],
            [
              39.8704565,
              48.1166083
            ],
            [
              39.8764637,
              48.118908
            ],
            [
              39.889203,
              48.1306223
            ],
            [
              39.8974738,
              48.1340955
            ],
            [
              39.902495,
              48.1403415
            ],
            [
              39.9067164,
              48.1488308
            ],
            [
              39.9067751,
              48.1683862
            ],
            [
              39.9098171,
              48.1798459
            ],
            [
              39.925,
              48.18191
            ],
            [
              39.9370158,
              48.1809588
            ],
            [
              39.942,
              48.22861
            ],
            [
              39.9549419,
              48.2288241
            ],
            [
              40.0037205,
              48.223565
            ],
            [
              40.0095906,
              48.225118600000016
            ],
            [
              40.0065177,
              48.2420257
            ],
            [
              40.0207593,
              48.253857
            ],
            [
              40.013034,
              48.2662432
            ],
            [
              40.0160136,
              48.2669079
            ],
            [
              40.0141427,
              48.27031280000001
            ],
            [
              40.0104012,
              48.2701893
            ],
            [
              39.9930339,
              48.3007003
            ],
            [
              39.9928447,
              48.3140099
            ],
            [
              39.9903342,
              48.3170583
            ],
            [
              39.9785758,
              48.3156239
            ],
            [
              39.9721574,
              48.3127609
            ],
            [
              39.9710964,
              48.3072252
            ],
            [
              39.9657825,
              48.3064501
            ],
            [
              39.9631821,
              48.3031237
            ],
            [
              39.9568246,
              48.3012724
            ],
            [
              39.9558853,
              48.3035923
            ],
            [
              39.9518499,
              48.3034014
            ],
            [
              39.9483798,
              48.2944915
            ],
            [
              39.9442487,
              48.2918761
            ],
            [
              39.9373346,
              48.2919282
            ],
            [
              39.9353951,
              48.2842201
            ],
            [
              39.9302639,
              48.2830395
            ],
            [
              39.9347603,
              48.27915010000001
            ],
            [
              39.9288202,
              48.27735590000001
            ],
            [
              39.92521090000001,
              48.2715269
            ],
            [
              39.9150354,
              48.2696282
            ],
            [
              39.9146962,
              48.2718685
            ],
            [
              39.9103043,
              48.2715269
            ],
            [
              39.9152968,
              48.282295
            ],
            [
              39.9122709,
              48.2844527
            ],
            [
              39.9103688,
              48.292556
            ],
            [
              39.9005521,
              48.3001129
            ],
            [
              39.8880904,
              48.3022353
            ],
            [
              39.8876056,
              48.3085493
            ],
            [
              39.852479,
              48.3085768
            ],
            [
              39.8411602,
              48.3100535
            ],
            [
              39.8407563,
              48.3289622
            ],
            [
              39.8451321,
              48.3294639
            ],
            [
              39.845318,
              48.3328564
            ],
            [
              39.8615202,
              48.3345414
            ],
            [
              39.8789648,
              48.3340849
            ],
            [
              39.9186337,
              48.3416359
            ],
            [
              39.9186135,
              48.3471307
            ],
            [
              39.9320741,
              48.3490683
            ],
            [
              39.9423612,
              48.3461657
            ],
            [
              39.9474499,
              48.35470439999999
            ],
            [
              39.9420678,
              48.3547985
            ],
            [
              39.9429884,
              48.3560758
            ],
            [
              39.9413191,
              48.3565464
            ],
            [
              39.9444654,
              48.35768249999999
            ],
            [
              39.934889,
              48.3617264
            ],
            [
              39.9322922,
              48.3645634
            ],
            [
              39.9367565,
              48.3674683
            ],
            [
              39.9355721,
              48.3729701
            ],
            [
              39.9421311,
              48.3821208
            ],
            [
              39.9415145,
              48.3863196
            ],
            [
              39.9376154,
              48.3866652
            ],
            [
              39.9291508,
              48.3755365
            ],
            [
              39.923955,
              48.3752255
            ],
            [
              39.9178786,
              48.3787359
            ],
            [
              39.9140481,
              48.3868763
            ],
            [
              39.9057201,
              48.3903787
            ],
            [
              39.9069024,
              48.3924733
            ],
            [
              39.9164817,
              48.3944411
            ],
            [
              39.9184928,
              48.3989008
            ],
            [
              39.91468049999999,
              48.4013518
            ],
            [
              39.9068839,
              48.402821
            ],
            [
              39.9055677,
              48.4045089
            ],
            [
              39.9113789,
              48.4133708
            ],
            [
              39.9117111,
              48.4198926
            ],
            [
              39.8962258,
              48.4288049
            ],
            [
              39.8889353,
              48.4420266
            ],
            [
              39.8913799,
              48.4437432
            ],
            [
              39.8959697,
              48.4439923
            ],
            [
              39.8975876,
              48.4473144
            ],
            [
              39.8896869,
              48.4493582
            ],
            [
              39.8747447,
              48.4571273
            ],
            [
              39.8587782,
              48.4631356
            ],
            [
              39.8527778,
              48.4663904
            ],
            [
              39.8464439,
              48.4737524
            ],
            [
              39.8472082,
              48.5015749
            ],
            [
              39.8525791,
              48.5034263
            ],
            [
              39.8566085,
              48.5014277
            ],
            [
              39.8615,
              48.501789
            ],
            [
              39.8664845,
              48.5047532
            ],
            [
              39.8672716,
              48.5077604
            ],
            [
              39.8618755,
              48.5242979
            ],
            [
              39.8551839,
              48.5369694
            ],
            [
              39.857231,
              48.5445196
            ],
            [
              39.8526973,
              48.5537942
            ],
            [
              39.8553094,
              48.5608863
            ],
            [
              39.8504265,
              48.567896
            ],
            [
              39.8414053,
              48.5730198
            ],
            [
              39.8208913,
              48.5786063
            ],
            [
              39.8259284,
              48.5827258
            ],
            [
              39.8236254,
              48.5865344
            ],
            [
              39.8133492,
              48.5839382
            ],
            [
              39.8072825,
              48.5843375
            ],
            [
              39.7996185,
              48.5900054
            ],
            [
              39.791632,
              48.5930085
            ],
            [
              39.7734552,
              48.59232090000001
            ],
            [
              39.76917980000001,
              48.5872618
            ],
            [
              39.752417,
              48.5819942
            ],
            [
              39.7504408,
              48.5832285
            ],
            [
              39.7508041,
              48.5883977
            ],
            [
              39.7474765,
              48.5905617
            ],
            [
              39.7361573,
              48.5860053
            ],
            [
              39.7254615,
              48.5865647
            ],
            [
              39.721399,
              48.5849166
            ],
            [
              39.7018903,
              48.5876379
            ],
            [
              39.6878882,
              48.5868018
            ],
            [
              39.6829996,
              48.59255070000001
            ],
            [
              39.6803882,
              48.5924755
            ],
            [
              39.678553,
              48.5900294
            ],
            [
              39.6760741,
              48.5913555
            ],
            [
              39.6755433,
              48.5940947
            ],
            [
              39.6800905,
              48.595846
            ],
            [
              39.6795786,
              48.5976376
            ],
            [
              39.6767811,
              48.59817120000001
            ],
            [
              39.6717955,
              48.5954856
            ],
            [
              39.6693064,
              48.59617030000001
            ],
            [
              39.668248,
              48.6012761
            ],
            [
              39.6713041,
              48.6039018
            ],
            [
              39.6617967,
              48.6057258
            ],
            [
              39.6606493,
              48.6090856
            ],
            [
              39.6702473,
              48.6234024
            ],
            [
              39.6937801,
              48.6367222
            ],
            [
              39.69393330000001,
              48.6428909
            ],
            [
              39.69131080000001,
              48.6458726
            ],
            [
              39.6937391,
              48.6492947
            ],
            [
              39.7026601,
              48.6535175
            ],
            [
              39.7053472,
              48.656543
            ],
            [
              39.7109176,
              48.6551393
            ],
            [
              39.7096693,
              48.6621475
            ],
            [
              39.7114189,
              48.6672089
            ],
            [
              39.7037368,
              48.66673220000001
            ],
            [
              39.7018448,
              48.6695154
            ],
            [
              39.7120838,
              48.6746598
            ],
            [
              39.7143764,
              48.6802948
            ],
            [
              39.723289,
              48.6838629
            ],
            [
              39.7168791,
              48.6897591
            ],
            [
              39.7183688,
              48.6932043
            ],
            [
              39.715897,
              48.6951845
            ],
            [
              39.7202345,
              48.6975829
            ],
            [
              39.71839030000001,
              48.7022957
            ],
            [
              39.7119352,
              48.700865
            ],
            [
              39.70509830000001,
              48.70599520000001
            ],
            [
              39.7075831,
              48.7120502
            ],
            [
              39.7120505,
              48.7120362
            ],
            [
              39.7122614,
              48.71551220000001
            ],
            [
              39.7073948,
              48.717203
            ],
            [
              39.7043076,
              48.7205075
            ],
            [
              39.70615510000001,
              48.7214549
            ],
            [
              39.7092058,
              48.7200833
            ],
            [
              39.7100575,
              48.724195
            ],
            [
              39.7157011,
              48.7278396
            ],
            [
              39.7207211,
              48.7284985
            ],
            [
              39.720573,
              48.72538520000001
            ],
            [
              39.7229444,
              48.725252800000014
            ],
            [
              39.7266663,
              48.7289411
            ],
            [
              39.72283980000001,
              48.7314049
            ],
            [
              39.72519610000001,
              48.7404579
            ],
            [
              39.7312439,
              48.7418444
            ],
            [
              39.733696,
              48.74517380000001
            ],
            [
              39.7368631,
              48.7432659
            ],
            [
              39.7394719,
              48.7436506
            ],
            [
              39.7388721,
              48.7474897
            ],
            [
              39.7338557,
              48.7526062
            ],
            [
              39.7302633,
              48.75088739999999
            ],
            [
              39.7309271,
              48.7483466
            ],
            [
              39.72670270000001,
              48.7498791
            ],
            [
              39.72555120000001,
              48.7523718
            ],
            [
              39.732092,
              48.7550601
            ],
            [
              39.730767,
              48.7592074
            ],
            [
              39.7357841,
              48.7597818
            ],
            [
              39.7378765,
              48.7656976
            ],
            [
              39.7454011,
              48.7674427
            ],
            [
              39.74373,
              48.7702
            ],
            [
              39.7509539,
              48.7727346
            ],
            [
              39.7533298,
              48.77055
            ],
            [
              39.7494621,
              48.767151
            ],
            [
              39.755077,
              48.76812560000001
            ],
            [
              39.7608802,
              48.7638691
            ],
            [
              39.76494,
              48.7638829
            ],
            [
              39.768274,
              48.765838
            ],
            [
              39.76832820000001,
              48.7698132
            ],
            [
              39.7637954,
              48.7710471
            ],
            [
              39.76299130000001,
              48.7734087
            ],
            [
              39.7666502,
              48.7793744
            ],
            [
              39.7721176,
              48.783795
            ],
            [
              39.7790956,
              48.785411
            ],
            [
              39.7837078,
              48.7916943
            ],
            [
              39.7855874,
              48.7998957
            ],
            [
              39.7800297,
              48.8072136
            ],
            [
              39.7801138,
              48.8121202
            ],
            [
              39.7872388,
              48.8178341
            ],
            [
              39.785077,
              48.8223767
            ],
            [
              39.7862684,
              48.8247516
            ],
            [
              39.79223360000001,
              48.8225792
            ],
            [
              39.79750090000001,
              48.8244193
            ],
            [
              39.7943815,
              48.8279785
            ],
            [
              39.7916349,
              48.8284443
            ],
            [
              39.7916478,
              48.8359079
            ],
            [
              39.796057,
              48.8375009
            ],
            [
              39.8001048,
              48.8426021
            ],
            [
              39.8050267,
              48.843604
            ],
            [
              39.808284,
              48.8399319
            ],
            [
              39.8071014,
              48.8386061
            ],
            [
              39.8279227,
              48.8311231
            ],
            [
              39.829879,
              48.8337707
            ],
            [
              39.88672,
              48.82084
            ],
            [
              39.94818,
              48.79578
            ],
            [
              39.96088,
              48.79595
            ],
            [
              39.9755283,
              48.79303380000001
            ],
            [
              40.0801068,
              48.8701366
            ],
            [
              40.07246,
              48.8744
            ],
            [
              40.05838,
              48.90409
            ],
            [
              40.06096,
              48.9089
            ],
            [
              40.0558701,
              48.9105656
            ],
            [
              40.0482173,
              48.910317
            ],
            [
              40.0449042,
              48.9124713
            ],
            [
              40.04534,
              48.91439
            ],
            [
              40.0398755,
              48.9148779
            ],
            [
              40.036728,
              48.9130638
            ],
            [
              40.03511210000001,
              48.9158883
            ],
            [
              40.0292388,
              48.9150827
            ],
            [
              40.027271,
              48.9131032
            ],
            [
              40.02954,
              48.91199
            ],
            [
              40.0256,
              48.91199
            ],
            [
              40.02371,
              48.90976
            ],
            [
              40.01976,
              48.90942
            ],
            [
              40.0215199,
              48.9059332
            ],
            [
              40.0174727,
              48.9021756
            ],
            [
              40.0040301,
              48.9012812
            ],
            [
              39.9932321,
              48.8682063
            ],
            [
              39.962058,
              48.8721057
            ],
            [
              39.94921,
              48.87628
            ],
            [
              39.94474,
              48.87955
            ],
            [
              39.942,
              48.88504
            ],
            [
              39.924972,
              48.8958358
            ],
            [
              39.8761781,
              48.8920256
            ],
            [
              39.875427,
              48.8931444
            ],
            [
              39.87179,
              48.89173
            ],
            [
              39.85239,
              48.89053
            ],
            [
              39.8453251,
              48.9029125
            ],
            [
              39.8422851,
              48.9009533
            ],
            [
              39.8394048,
              48.9031285
            ],
            [
              39.8337758,
              48.9007332
            ],
            [
              39.8361586,
              48.8950115
            ],
            [
              39.83265,
              48.88813
            ],
            [
              39.826994,
              48.8864598
            ],
            [
              39.82492,
              48.89208
            ],
            [
              39.81823,
              48.89654
            ],
            [
              39.82441,
              48.90169
            ],
            [
              39.82304,
              48.90427
            ],
            [
              39.8188003,
              48.905483
            ],
            [
              39.81823,
              48.9077
            ],
            [
              39.81565,
              48.90787
            ],
            [
              39.8045867,
              48.9146693
            ],
            [
              39.79807010000001,
              48.9140457
            ],
            [
              39.7971688,
              48.9107675
            ],
            [
              39.79433680000001,
              48.9108285
            ],
            [
              39.7928832,
              48.9150707
            ],
            [
              39.7822091,
              48.9154452
            ],
            [
              39.7765041,
              48.9206861
            ],
            [
              39.7739964,
              48.924514
            ],
            [
              39.77892,
              48.92641
            ],
            [
              39.77857,
              48.93087
            ],
            [
              39.78184,
              48.93465
            ],
            [
              39.78115,
              48.93688
            ],
            [
              39.77651,
              48.93843
            ],
            [
              39.7719727,
              48.9432951
            ],
            [
              39.77377,
              48.94958
            ],
            [
              39.7784276,
              48.9518566
            ],
            [
              39.7700314,
              48.9530517
            ],
            [
              39.7645087,
              48.9581272
            ],
            [
              39.7665996,
              48.960748
            ],
            [
              39.7628787,
              48.9612307
            ],
            [
              39.76299010000001,
              48.9628984
            ],
            [
              39.7606075,
              48.9637941
            ],
            [
              39.7640169,
              48.9676123
            ],
            [
              39.7570224,
              48.96768739999999
            ],
            [
              39.7567936,
              48.9700477
            ],
            [
              39.7604543,
              48.9714637
            ],
            [
              39.7585585,
              48.9755187
            ],
            [
              39.75214,
              48.97619
            ],
            [
              39.7493256,
              48.9779188
            ],
            [
              39.74873620000001,
              48.9820447
            ],
            [
              39.752947,
              48.9859432
            ],
            [
              39.7457317,
              48.9868831
            ],
            [
              39.7354585,
              48.982318
            ],
            [
              39.7300912,
              48.9765479
            ],
            [
              39.7264818,
              48.9757146
            ],
            [
              39.7242489,
              48.9797155
            ],
            [
              39.7217508,
              48.9793946
            ],
            [
              39.71678,
              48.98237
            ],
            [
              39.7166,
              48.98666
            ],
            [
              39.7112991,
              48.9918806
            ],
            [
              39.7077127,
              48.9927207
            ],
            [
              39.7083237,
              48.99503570000001
            ],
            [
              39.7038909,
              48.9992484
            ],
            [
              39.6991417,
              49.000886
            ],
            [
              39.6931072,
              48.9993494
            ],
            [
              39.69214280000001,
              48.996902
            ],
            [
              39.67833630000001,
              48.9890861
            ],
            [
              39.6636996,
              49.000885
            ],
            [
              39.6739783,
              49.0055646
            ],
            [
              39.6781314,
              49.0134001
            ],
            [
              39.6739795,
              49.0144146
            ],
            [
              39.672826,
              49.0166841
            ],
            [
              39.6770505,
              49.0221176
            ],
            [
              39.6771437,
              49.0270694
            ],
            [
              39.6828338,
              49.0299797
            ],
            [
              39.6807581,
              49.0333498
            ],
            [
              39.6850925,
              49.0339266
            ],
            [
              39.68176,
              49.03799
            ],
            [
              39.67867,
              49.03644
            ],
            [
              39.672392,
              49.0404015
            ],
            [
              39.6931571,
              49.0504795
            ],
            [
              39.7415695,
              49.0420128
            ],
            [
              39.7663706,
              49.0400581
            ],
            [
              39.7765621,
              49.0436358
            ],
            [
              39.8052017,
              49.0599049
            ],
            [
              39.8112419,
              49.0603862
            ],
            [
              39.8172562,
              49.0580379
            ],
            [
              39.8802205,
              49.064336
            ],
            [
              39.9100658,
              49.057431
            ],
            [
              39.93805,
              49.0563998
            ],
            [
              39.94234,
              49.07146
            ],
            [
              39.9383119,
              49.0830423
            ],
            [
              39.9587938,
              49.1056945
            ],
            [
              39.97152,
              49.12382
            ],
            [
              40.031113,
              49.1797592
            ],
            [
              40.0773702,
              49.1869871
            ],
            [
              40.0935212,
              49.202979
            ],
            [
              40.10875330000001,
              49.2116939
            ],
            [
              40.1230483,
              49.2308421
            ],
            [
              40.1372536,
              49.2398385
            ],
            [
              40.1767387,
              49.2373674
            ],
            [
              40.1878058,
              49.2384415
            ],
            [
              40.20807220000001,
              49.2420196
            ],
            [
              40.221282,
              49.2498992
            ],
            [
              40.2275801,
              49.2605293
            ],
            [
              40.1859301,
              49.2812231
            ],
            [
              40.1835497,
              49.2990257
            ],
            [
              40.1857948,
              49.3036547
            ],
            [
              40.1840826,
              49.3045311
            ],
            [
              40.1876037,
              49.3089338
            ],
            [
              40.195029,
              49.3361724
            ],
            [
              40.194611,
              49.3464721
            ],
            [
              40.1813105,
              49.3520243
            ],
            [
              40.1755347,
              49.3563677
            ],
            [
              40.1689431,
              49.3566522
            ],
            [
              40.158669,
              49.3668953
            ],
            [
              40.1609208,
              49.3664351
            ],
            [
              40.1622634,
              49.3680702
            ],
            [
              40.1582682,
              49.371363
            ],
            [
              40.155749,
              49.3706753
            ],
            [
              40.1541435,
              49.3714613
            ],
            [
              40.1557598,
              49.3725546
            ],
            [
              40.1433271,
              49.3783783
            ],
            [
              40.1143938,
              49.3857125
            ],
            [
              40.0782576,
              49.4098928
            ],
            [
              40.0586257,
              49.4366301
            ],
            [
              40.04752,
              49.4451098
            ],
            [
              40.0293438,
              49.453605
            ],
            [
              40.0419,
              49.49856
            ],
            [
              40.03761,
              49.51658
            ],
            [
              40.0392048,
              49.5207179
            ],
            [
              40.16962,
              49.56877
            ],
            [
              40.13941,
              49.59589
            ],
            [
              40.1353917,
              49.6171021
            ],
            [
              40.0649602,
              49.5989679
            ],
            [
              40.0576134,
              49.6069371
            ],
            [
              39.95212,
              49.59709
            ],
            [
              39.93461,
              49.5734
            ],
            [
              39.89118,
              49.5583
            ],
            [
              39.86853,
              49.55967
            ],
            [
              39.83969,
              49.56379
            ],
            [
              39.80604,
              49.55795
            ],
            [
              39.77669,
              49.57735
            ],
            [
              39.75025,
              49.59743
            ],
            [
              39.7143375,
              49.6063269
            ],
            [
              39.6970324,
              49.6047981
            ],
            [
              39.6869073,
              49.6118303
            ],
            [
              39.6603,
              49.61494
            ],
            [
              39.6579,
              49.61666
            ],
            [
              39.63884,
              49.63451
            ],
            [
              39.61378,
              49.69065
            ],
            [
              39.59129,
              49.71828
            ],
            [
              39.61052,
              49.73373
            ],
            [
              39.54494,
              49.73905
            ],
            [
              39.47868,
              49.75656
            ],
            [
              39.44366,
              49.76
            ],
            [
              39.43371,
              49.75931
            ],
            [
              39.41431,
              49.75382
            ],
            [
              39.37878,
              49.73854
            ],
            [
              39.35783,
              49.74111
            ],
            [
              39.30857,
              49.75279
            ],
            [
              39.28522,
              49.75536
            ],
            [
              39.27355,
              49.76824
            ],
            [
              39.26514,
              49.76789
            ],
            [
              39.25089,
              49.77648
            ],
            [
              39.23784,
              49.79879
            ],
            [
              39.22771,
              49.80738
            ],
            [
              39.23046,
              49.81098
            ],
            [
              39.22823,
              49.81596
            ],
            [
              39.22668,
              49.83982
            ],
            [
              39.20214,
              49.87003
            ],
            [
              39.195453,
              49.873309
            ],
            [
              39.1888238,
              49.8850217
            ],
            [
              39.1799425,
              49.8888021
            ],
            [
              39.130675,
              49.8616349
            ],
            [
              39.1105476,
              49.8379094
            ],
            [
              39.0707088,
              49.8193293
            ],
            [
              39.0668401,
              49.8156292
            ],
            [
              39.0485,
              49.81836
            ],
            [
              39.0322377,
              49.8227266
            ],
            [
              39.0220298,
              49.8216027
            ],
            [
              38.9853812,
              49.8082931
            ],
            [
              38.9710867,
              49.8071077
            ],
            [
              38.9491109,
              49.796014
            ],
            [
              38.938947,
              49.800818
            ],
            [
              38.9301579,
              49.7969737
            ],
            [
              38.9267202,
              49.8008467
            ],
            [
              38.9275919,
              49.804287399999986
            ],
            [
              38.9206002,
              49.8049376
            ],
            [
              38.9159344,
              49.8124863
            ],
            [
              38.9183197,
              49.814697399999986
            ],
            [
              38.9094687,
              49.8196488
            ],
            [
              38.90671,
              49.8278
            ],
            [
              38.9134224,
              49.8296618
            ],
            [
              38.9138711,
              49.832178
            ],
            [
              38.9108419,
              49.8345594
            ],
            [
              38.9136257,
              49.8364842
            ],
            [
              38.9120833,
              49.8440001
            ],
            [
              38.9064974,
              49.8451124
            ],
            [
              38.9045252,
              49.8491908
            ],
            [
              38.9103173,
              49.8518739
            ],
            [
              38.9115634,
              49.856134
            ],
            [
              38.9158517,
              49.8559089
            ],
            [
              38.9184244,
              49.8585938
            ],
            [
              38.91646139999999,
              49.85988949999999
            ],
            [
              38.9110173,
              49.8591058
            ],
            [
              38.9082712,
              49.8600784
            ],
            [
              38.9012094,
              49.8693465
            ],
            [
              38.896431,
              49.8705586
            ],
            [
              38.8874483,
              49.8690677
            ],
            [
              38.8790051,
              49.8696811
            ],
            [
              38.8719552,
              49.8653144
            ],
            [
              38.8704099,
              49.8669092
            ],
            [
              38.8632411,
              49.8659211
            ],
            [
              38.85662459999999,
              49.8688949
            ],
            [
              38.8516,
              49.86471
            ],
            [
              38.84783,
              49.86437
            ],
            [
              38.8470633,
              49.8671994
            ],
            [
              38.84165,
              49.86557
            ],
            [
              38.83598,
              49.86832
            ],
            [
              38.8307904,
              49.8754597
            ],
            [
              38.8239834,
              49.8784343
            ],
            [
              38.7956248,
              49.8833635
            ],
            [
              38.7909714,
              49.8783727
            ],
            [
              38.7812054,
              49.882261
            ],
            [
              38.7687672,
              49.8961005
            ],
            [
              38.7447502,
              49.8973758
            ],
            [
              38.73384,
              49.90539
            ],
            [
              38.7240595,
              49.9270834
            ],
            [
              38.6939731,
              49.9349262
            ],
            [
              38.6860461,
              49.9622391
            ],
            [
              38.71067,
              49.98024
            ],
            [
              38.71805,
              49.9835
            ],
            [
              38.7093,
              49.99123
            ],
            [
              38.70312,
              49.99294
            ],
            [
              38.70243,
              49.99672
            ],
            [
              38.68698,
              50.0077
            ],
            [
              38.68011,
              50.00616
            ],
            [
              38.67788,
              49.99878
            ],
            [
              38.67977,
              49.97406
            ],
            [
              38.66741,
              49.97234
            ],
            [
              38.6475,
              49.95586
            ],
            [
              38.63068,
              49.96633
            ],
            [
              38.6115028,
              49.9756
            ],
            [
              38.58261,
              49.97749
            ],
            [
              38.56665,
              49.97097
            ],
            [
              38.52733,
              49.95861
            ],
            [
              38.50983,
              49.96324
            ],
            [
              38.48871,
              49.96324
            ],
            [
              38.4827,
              49.97045
            ],
            [
              38.48322,
              49.97715
            ],
            [
              38.47858,
              49.98316
            ],
            [
              38.46502,
              49.98299
            ],
            [
              38.46931,
              49.99534
            ],
            [
              38.43412,
              50.00135
            ],
            [
              38.4162954,
              49.9817738
            ],
            [
              38.3973907,
              49.9917048
            ],
            [
              38.3505346,
              50.0069109
            ],
            [
              38.3537935,
              50.0189515
            ],
            [
              38.3512338,
              50.0357517
            ],
            [
              38.333022,
              50.0594948
            ],
            [
              38.3295916,
              50.0854039
            ],
            [
              38.3141788,
              50.0881888
            ],
            [
              38.3017552,
              50.0870909
            ],
            [
              38.291555,
              50.0797109
            ],
            [
              38.2757897,
              50.0734765
            ],
            [
              38.2525249,
              50.0727586
            ],
            [
              38.1782301,
              50.0799958
            ],
            [
              38.1847699,
              50.0557162
            ],
            [
              38.1834997,
              50.0462922
            ],
            [
              38.18727,
              50.0407676
            ],
            [
              38.1889001,
              50.0236761
            ],
            [
              38.18623,
              50.0228196
            ],
            [
              38.1976386,
              50.0065524
            ],
            [
              38.2048455,
              50.0010692
            ],
            [
              38.2049346,
              49.9970454
            ],
            [
              38.2165425,
              49.9874587
            ],
            [
              38.2169139,
              49.98306739999999
            ],
            [
              38.2218479,
              49.9791376
            ],
            [
              38.195575300000016,
              49.9693375
            ],
            [
              38.1976824,
              49.96211090000001
            ],
            [
              38.16219980000001,
              49.9512515
            ],
            [
              38.1710164,
              49.9419011
            ],
            [
              38.13217,
              49.92462
            ],
            [
              38.1245543,
              49.9423882
            ],
            [
              38.0559233,
              49.923187
            ],
            [
              38.0457543,
              49.91533530000001
            ],
            [
              38.032974,
              49.9001506
            ],
            [
              38.0674905,
              49.8654519
            ],
            [
              38.0936148,
              49.8460575
            ],
            [
              38.0808124,
              49.8383254
            ],
            [
              38.0737776,
              49.8368991
            ],
            [
              38.058799,
              49.8369878
            ],
            [
              38.0445998,
              49.8393265
            ],
            [
              38.0183301,
              49.8375084
            ],
            [
              38.0204735,
              49.8348241
            ],
            [
              38.0097381,
              49.8130186
            ],
            [
              38.0294268,
              49.8035176
            ],
            [
              38.0391092,
              49.7956624
            ],
            [
              38.0556107,
              49.7922012
            ],
            [
              38.0536926,
              49.7835265
            ],
            [
              38.0362043,
              49.7835345
            ],
            [
              38.0340829,
              49.7778837
            ],
            [
              38.0235927,
              49.774884
            ],
            [
              38.0246887,
              49.7729901
            ],
            [
              38.0117877,
              49.7658012
            ],
            [
              38.0101679,
              49.7573376
            ],
            [
              37.9984725,
              49.7532405
            ],
            [
              37.9894865,
              49.7531244
            ],
            [
              37.9876785,
              49.75531620000001
            ],
            [
              37.9837942,
              49.7556438
            ],
            [
              37.9798811,
              49.765733900000015
            ],
            [
              37.9769663,
              49.767421
            ],
            [
              37.9680598,
              49.7592919
            ],
            [
              37.9508046,
              49.731199
            ],
            [
              37.9599385,
              49.7173315
            ],
            [
              37.9736839,
              49.7085666
            ],
            [
              37.9910802,
              49.7159513
            ],
            [
              37.9973537,
              49.7134747
            ],
            [
              38.008652,
              49.7149803
            ],
            [
              38.0173033,
              49.7138741
            ],
            [
              38.0181467,
              49.7055266
            ],
            [
              38.0003789,
              49.7005025
            ],
            [
              38.0074058,
              49.6954816
            ],
            [
              38.0138253,
              49.6957648
            ],
            [
              38.0148429,
              49.6860675
            ],
            [
              38.0112062,
              49.6845901
            ],
            [
              38.015472,
              49.682514
            ],
            [
              38.0154254,
              49.6790118
            ],
            [
              38.0122959,
              49.6785855
            ],
            [
              38.012672,
              49.6773898
            ],
            [
              38.0196025,
              49.6769348
            ],
            [
              38.0225476,
              49.6719354
            ],
            [
              38.0308711,
              49.6677424
            ],
            [
              38.0311518,
              49.66542290000001
            ],
            [
              38.0277753,
              49.66271120000001
            ],
            [
              38.0341757,
              49.6593011
            ],
            [
              38.0371051,
              49.6623895
            ],
            [
              38.0472283,
              49.657468
            ],
            [
              37.9981881,
              49.6486421
            ],
            [
              37.9861304,
              49.6435318
            ],
            [
              37.9894661,
              49.6395453
            ],
            [
              37.9898449,
              49.6353998
            ],
            [
              37.9965873,
              49.6324134
            ],
            [
              37.9972299,
              49.628232
            ],
            [
              37.9790823,
              49.62599890000001
            ],
            [
              37.9749978,
              49.6126217
            ],
            [
              37.9447352,
              49.6115884
            ],
            [
              37.9416125,
              49.595521
            ],
            [
              37.9407362,
              49.5944139
            ],
            [
              37.9353228,
              49.5944332
            ],
            [
              37.9378119,
              49.5853569
            ],
            [
              37.9522994,
              49.5746347
            ],
            [
              37.953938,
              49.569411
            ],
            [
              37.924145,
              49.5700239
            ],
            [
              37.9228994,
              49.5677856
            ],
            [
              37.9044426,
              49.5707097
            ],
            [
              37.9014445,
              49.5732506
            ],
            [
              37.8846139,
              49.5489809
            ],
            [
              37.9281814,
              49.5480653
            ],
            [
              37.9270058,
              49.5416455
            ],
            [
              37.9177767,
              49.5334519
            ],
            [
              37.9055622,
              49.5294687
            ],
            [
              37.8826307,
              49.5185868
            ],
            [
              37.8471247,
              49.520251
            ],
            [
              37.8420736,
              49.5076013
            ],
            [
              37.8454876,
              49.5024028
            ],
            [
              37.8388504,
              49.4934448
            ],
            [
              37.8512309,
              49.4872343
            ],
            [
              37.8447458,
              49.4459468
            ],
            [
              37.876152,
              49.4465133
            ],
            [
              37.8747407,
              49.4364363
            ],
            [
              37.8804545,
              49.4357519
            ],
            [
              37.8772729,
              49.4185206
            ],
            [
              37.8796534,
              49.4164739
            ],
            [
              37.8768787,
              49.4134256
            ],
            [
              37.8794098,
              49.4127603
            ],
            [
              37.8821034,
              49.4145706
            ],
            [
              37.89635220000001,
              49.4035736
            ],
            [
              37.8846284,
              49.351407399999985
            ],
            [
              37.8870662,
              49.3418195
            ],
            [
              37.8839035,
              49.3415987
            ],
            [
              37.8768997,
              49.3277798
            ],
            [
              37.8836851,
              49.3190667
            ],
            [
              37.8832423,
              49.3129006
            ],
            [
              37.9459684,
              49.3030458
            ],
            [
              37.9585076,
              49.2846503
            ],
            [
              37.9450964,
              49.280841
            ],
            [
              37.9133572,
              49.27719230000001
            ],
            [
              37.8985342,
              49.2700811
            ],
            [
              37.9109902,
              49.259184
            ],
            [
              37.8947767,
              49.2560086
            ],
            [
              37.8960486,
              49.2527614
            ],
            [
              37.8795873,
              49.2478208
            ],
            [
              37.8657876,
              49.2458066
            ],
            [
              37.8744385,
              49.2338782
            ]
          ]
        ]
      }
    },
    {
      "type": "Feature",
      "properties": {
        "shapeName": "Donetsk Oblast",
        "shapeISO": "UA-14",
        "shapeID": "14850775B15615817748403",
        "shapeGroup": "UKR",
        "shapeType": "ADM1"
      },
      "geometry": {
        "type": "Polygon",
        "coordinates": [
          [
            [
              36.7389084,
              48.6259487
            ],
            [
              36.74530890000001,
              48.59653890000001
            ],
            [
              36.77874,
              48.6005136
            ],
            [
              36.7885334,
              48.5668215
            ],
            [
              36.824389,
              48.5699711
            ],
            [
              36.8249864,
              48.566663
            ],
            [
              36.859592,
              48.5689584
            ],
            [
              36.8606579,
              48.5646533
            ],
            [
              36.866355,
              48.5595451
            ],
            [
              36.8672739,
              48.5548499
            ],
            [
              36.8720888,
              48.5502273
            ],
            [
              36.8830666,
              48.5510448
            ],
            [
              36.8848487,
              48.5417939
            ],
            [
              36.9016063,
              48.5433125
            ],
            [
              36.9065916,
              48.5208455
            ],
            [
              36.8890862,
              48.5195195
            ],
            [
              36.8887389,
              48.5211278
            ],
            [
              36.8503227,
              48.517818
            ],
            [
              36.8571514,
              48.48720139999999
            ],
            [
              36.8298418,
              48.4846492
            ],
            [
              36.8369788,
              48.4433018
            ],
            [
              36.845419,
              48.4436891
            ],
            [
              36.848296,
              48.4284337
            ],
            [
              36.851436,
              48.424066
            ],
            [
              36.8496408,
              48.4207844
            ],
            [
              36.851371,
              48.4172453
            ],
            [
              36.8496435,
              48.4160499
            ],
            [
              36.8423843,
              48.4205872
            ],
            [
              36.8369997,
              48.4203311
            ],
            [
              36.8352605,
              48.4170951
            ],
            [
              36.8304756,
              48.4173307
            ],
            [
              36.8245029,
              48.4144032
            ],
            [
              36.825868,
              48.4122778
            ],
            [
              36.8295935,
              48.4126467
            ],
            [
              36.8303286,
              48.4109389
            ],
            [
              36.8348127,
              48.410268
            ],
            [
              36.8327912,
              48.4078891
            ],
            [
              36.8361285,
              48.4069846
            ],
            [
              36.8352538,
              48.405437
            ],
            [
              36.820629,
              48.4048006
            ],
            [
              36.8278111,
              48.3694075
            ],
            [
              36.8199308,
              48.3657054
            ],
            [
              36.8119432,
              48.3685475
            ],
            [
              36.8163918,
              48.3484556
            ],
            [
              36.8088176,
              48.3479824
            ],
            [
              36.8170608,
              48.3125751
            ],
            [
              36.8712026,
              48.3168517
            ],
            [
              36.8736626,
              48.3056142
            ],
            [
              36.9120949,
              48.3090059
            ],
            [
              36.9368868,
              48.1941943
            ],
            [
              36.9300539,
              48.1959893
            ],
            [
              36.9204424,
              48.19373580000001
            ],
            [
              36.9146755,
              48.1943986
            ],
            [
              36.9094168,
              48.1919683
            ],
            [
              36.9041359,
              48.1933234
            ],
            [
              36.905528,
              48.18803530000001
            ],
            [
              36.9022578,
              48.1881532
            ],
            [
              36.9007333,
              48.191055
            ],
            [
              36.8973513,
              48.1872424
            ],
            [
              36.8955943,
              48.1912144
            ],
            [
              36.8934439,
              48.191436
            ],
            [
              36.8914852,
              48.1862876
            ],
            [
              36.8945635,
              48.1849602
            ],
            [
              36.8920008,
              48.182475
            ],
            [
              36.8943131,
              48.1802144
            ],
            [
              36.8877823,
              48.1771515
            ],
            [
              36.8832202,
              48.1793185
            ],
            [
              36.8844701,
              48.1827146
            ],
            [
              36.8797517,
              48.1816312
            ],
            [
              36.8728147,
              48.1839439
            ],
            [
              36.8964823,
              48.0775859
            ],
            [
              36.8813223,
              48.063539
            ],
            [
              36.8817519,
              48.06168
            ],
            [
              36.8691702,
              48.0626655
            ],
            [
              36.8670939,
              48.0515063
            ],
            [
              36.8582177,
              48.052094
            ],
            [
              36.8545286,
              48.0346107
            ],
            [
              36.8481531,
              48.0356685
            ],
            [
              36.8445665,
              48.0383016
            ],
            [
              36.8402214,
              48.0383045
            ],
            [
              36.8340091,
              48.0351611
            ],
            [
              36.8268024,
              48.0359038
            ],
            [
              36.8194407,
              48.0400403
            ],
            [
              36.8126731,
              48.0404893
            ],
            [
              36.8076103,
              48.0465595
            ],
            [
              36.8041232,
              48.0478287
            ],
            [
              36.8051951,
              48.0520247
            ],
            [
              36.8034774,
              48.0530088
            ],
            [
              36.7941913,
              48.0484245
            ],
            [
              36.7856543,
              48.0512822
            ],
            [
              36.7827484,
              48.0470948
            ],
            [
              36.77821510000001,
              48.0487871
            ],
            [
              36.7729844,
              48.0475352
            ],
            [
              36.7725841,
              48.0499008
            ],
            [
              36.7636209,
              48.0555987
            ],
            [
              36.7613865,
              48.0548995
            ],
            [
              36.7606633,
              48.0519901
            ],
            [
              36.7572536,
              48.0519038
            ],
            [
              36.7548514,
              48.0495468
            ],
            [
              36.7436151,
              48.0504188
            ],
            [
              36.7436926,
              48.0523786
            ],
            [
              36.741045,
              48.0534405
            ],
            [
              36.742104,
              48.0581367
            ],
            [
              36.7434472,
              48.0599839
            ],
            [
              36.7478772,
              48.0609593
            ],
            [
              36.7469473,
              48.0643429
            ],
            [
              36.7389311,
              48.0656497
            ],
            [
              36.739718300000014,
              48.0685859
            ],
            [
              36.7311016,
              48.0688487
            ],
            [
              36.7264984,
              48.0711037
            ],
            [
              36.724123,
              48.0764233
            ],
            [
              36.7255646,
              48.0794003
            ],
            [
              36.722108100000014,
              48.0805714
            ],
            [
              36.71855330000001,
              48.0846534
            ],
            [
              36.714851,
              48.0845768
            ],
            [
              36.713819,
              48.0802321
            ],
            [
              36.7109358,
              48.0797943
            ],
            [
              36.6934567,
              48.0862183
            ],
            [
              36.6831199,
              48.0859666
            ],
            [
              36.6763051,
              48.0905407
            ],
            [
              36.6684092,
              48.0909346
            ],
            [
              36.66341280000001,
              48.0875971
            ],
            [
              36.6613651,
              48.0913394
            ],
            [
              36.6552711,
              48.0945563
            ],
            [
              36.6579577,
              48.098330900000015
            ],
            [
              36.6533545,
              48.1002126
            ],
            [
              36.6508481,
              48.0993812
            ],
            [
              36.6500782,
              48.09557380000001
            ],
            [
              36.6443937,
              48.096843
            ],
            [
              36.6360391,
              48.0943046
            ],
            [
              36.6410355,
              48.0913941
            ],
            [
              36.6446231,
              48.0937576
            ],
            [
              36.648997,
              48.09315580000001
            ],
            [
              36.6506187,
              48.0880895
            ],
            [
              36.6473097,
              48.08972
            ],
            [
              36.6436566,
              48.0874001
            ],
            [
              36.6399543,
              48.0894355
            ],
            [
              36.6360063,
              48.0876299
            ],
            [
              36.6292735,
              48.0891729
            ],
            [
              36.6282906,
              48.0866123
            ],
            [
              36.6323696,
              48.0868092
            ],
            [
              36.632599,
              48.0848176
            ],
            [
              36.629896,
              48.0835153
            ],
            [
              36.6282742,
              48.0855836
            ],
            [
              36.6260955,
              48.0854961
            ],
            [
              36.622639,
              48.082005
            ],
            [
              36.617446,
              48.0862511
            ],
            [
              36.602293,
              48.0909565
            ],
            [
              36.6001961,
              48.0885272
            ],
            [
              36.6040294,
              48.0854851
            ],
            [
              36.5948721,
              48.0823881
            ],
            [
              36.5863865,
              48.0828477
            ],
            [
              36.5877625,
              48.0800241
            ],
            [
              36.5858295,
              48.0781745
            ],
            [
              36.5825532,
              48.0799694
            ],
            [
              36.5801287,
              48.0796082
            ],
            [
              36.5811695,
              48.0773601
            ],
            [
              36.587009,
              48.0757994
            ],
            [
              36.5847319,
              48.0721764
            ],
            [
              36.5871892,
              48.0649405
            ],
            [
              36.5779991,
              48.0618641
            ],
            [
              36.579457,
              48.0601233
            ],
            [
              36.5822747,
              48.0600357
            ],
            [
              36.58728739999999,
              48.0523601
            ],
            [
              36.5738709,
              48.0400286
            ],
            [
              36.5850104,
              48.0310903
            ],
            [
              36.5907767,
              48.0201671
            ],
            [
              36.5684486,
              48.0117733
            ],
            [
              36.5715611,
              48.0098116
            ],
            [
              36.5732812,
              48.0111596
            ],
            [
              36.5771964,
              48.0100089
            ],
            [
              36.5861571,
              48.0010434
            ],
            [
              36.5861453,
              47.9995088
            ],
            [
              36.5804727,
              48.0001007
            ],
            [
              36.576459,
              47.9979303
            ],
            [
              36.5851415,
              47.9566416
            ],
            [
              36.6288135,
              47.9618257
            ],
            [
              36.6402445,
              47.9203042
            ],
            [
              36.6179516,
              47.9174732
            ],
            [
              36.5955035,
              47.9213787
            ],
            [
              36.5898139,
              47.9211707
            ],
            [
              36.5924844,
              47.91082139999999
            ],
            [
              36.5419522,
              47.9060131
            ],
            [
              36.5493443,
              47.8773685
            ],
            [
              36.57655530000001,
              47.8801693
            ],
            [
              36.5847724,
              47.8473971
            ],
            [
              36.6047014,
              47.8508377
            ],
            [
              36.6083961,
              47.8408481
            ],
            [
              36.59933010000001,
              47.8178481
            ],
            [
              36.5885271,
              47.8165077
            ],
            [
              36.5876317,
              47.78535580000001
            ],
            [
              36.5938369,
              47.7840344
            ],
            [
              36.6713057,
              47.7935819
            ],
            [
              36.685659,
              47.7308949
            ],
            [
              36.699959,
              47.7324982
            ],
            [
              36.7133797,
              47.6788709
            ],
            [
              36.7916444,
              47.6849218
            ],
            [
              36.7902865,
              47.6836962
            ],
            [
              36.79197890000001,
              47.6810063
            ],
            [
              36.7842412,
              47.6799813
            ],
            [
              36.7807309,
              47.6770004
            ],
            [
              36.7805276,
              47.6751497
            ],
            [
              36.7845168,
              47.6734753
            ],
            [
              36.7794065,
              47.6703493
            ],
            [
              36.7786899,
              47.6679746
            ],
            [
              36.7745633,
              47.66957
            ],
            [
              36.7760591,
              47.6662101
            ],
            [
              36.7747236,
              47.665137
            ],
            [
              36.7688682,
              47.6662988
            ],
            [
              36.7689401,
              47.6679185
            ],
            [
              36.7534448,
              47.6668305
            ],
            [
              36.752336,
              47.6641601
            ],
            [
              36.7544358,
              47.6644869
            ],
            [
              36.7548069,
              47.6619953
            ],
            [
              36.7182719,
              47.6588466
            ],
            [
              36.725195,
              47.6310934
            ],
            [
              36.765849,
              47.63411330000001
            ],
            [
              36.76621220000001,
              47.623444
            ],
            [
              36.7452576,
              47.6217404
            ],
            [
              36.74810320000001,
              47.6065962
            ],
            [
              36.7649174,
              47.6077703
            ],
            [
              36.76211630000002,
              47.6031478
            ],
            [
              36.7631436,
              47.6005689
            ],
            [
              36.7646269,
              47.600787
            ],
            [
              36.8303171,
              47.6242291
            ],
            [
              36.8934106,
              47.5449148
            ],
            [
              36.9443387,
              47.5761317
            ],
            [
              36.9667558,
              47.553407
            ],
            [
              36.9800607,
              47.5607131
            ],
            [
              37.0015961,
              47.5388645
            ],
            [
              37.0210271,
              47.5527976
            ],
            [
              37.0741782,
              47.4937229
            ],
            [
              37.0781408,
              47.4916871
            ],
            [
              37.0843169,
              47.496115
            ],
            [
              37.1288856,
              47.4697688
            ],
            [
              37.1274007,
              47.46871080000001
            ],
            [
              37.1288798,
              47.4677276
            ],
            [
              37.1577018,
              47.4548597
            ],
            [
              37.1797983,
              47.4836571
            ],
            [
              37.19597060000001,
              47.4789319
            ],
            [
              37.19003280000001,
              47.4689803
            ],
            [
              37.2067781,
              47.4687542
            ],
            [
              37.2082931,
              47.4669578
            ],
            [
              37.2114146,
              47.4666903
            ],
            [
              37.2114777,
              47.4688174
            ],
            [
              37.2136118,
              47.4694975
            ],
            [
              37.2450004,
              47.4691412
            ],
            [
              37.2395517,
              47.4597266
            ],
            [
              37.24841580000001,
              47.45682449999999
            ],
            [
              37.23675320000001,
              47.4368406
            ],
            [
              37.23200590000001,
              47.437834
            ],
            [
              37.1945741,
              47.3733558
            ],
            [
              37.2034182,
              47.3557652
            ],
            [
              37.1619798,
              47.341438
            ],
            [
              37.146039,
              47.3811051
            ],
            [
              37.106553,
              47.3759571
            ],
            [
              37.122176900000014,
              47.3403728
            ],
            [
              37.0922697,
              47.3300747
            ],
            [
              37.0951442,
              47.3259678
            ],
            [
              37.0832455,
              47.3218255
            ],
            [
              37.0829384,
              47.3176118
            ],
            [
              37.0804635,
              47.3174145
            ],
            [
              37.0837011,
              47.3147193
            ],
            [
              37.0361269,
              47.2999843
            ],
            [
              37.0339637,
              47.3090152
            ],
            [
              37.02891240000001,
              47.3108184
            ],
            [
              37.0264564,
              47.3147836
            ],
            [
              36.9466004,
              47.3109951
            ],
            [
              36.9442269,
              47.3206358
            ],
            [
              36.9260224,
              47.3194178
            ],
            [
              36.9363786,
              47.2871212
            ],
            [
              36.9451641,
              47.2404607
            ],
            [
              36.9490524,
              47.2281976
            ],
            [
              36.9556994,
              47.2290267
            ],
            [
              36.9626139,
              47.2016559
            ],
            [
              36.9313312,
              47.2005647
            ],
            [
              36.9308514,
              47.2069799
            ],
            [
              36.894083,
              47.2059071
            ],
            [
              36.8917618,
              47.2000037
            ],
            [
              36.8546099,
              47.19913380000001
            ],
            [
              36.8573624,
              47.1976022
            ],
            [
              36.855981,
              47.1940457
            ],
            [
              36.8577509,
              47.1923004
            ],
            [
              36.8599955,
              47.1924911
            ],
            [
              36.8591538,
              47.1894476
            ],
            [
              36.8632654,
              47.1877095
            ],
            [
              36.864323,
              47.1853625
            ],
            [
              36.8702477,
              47.1842624
            ],
            [
              36.8759997,
              47.1811231
            ],
            [
              36.8789279,
              47.1755377
            ],
            [
              36.881503,
              47.1746057
            ],
            [
              36.8848054,
              47.1770494
            ],
            [
              36.8864357,
              47.1766744
            ],
            [
              36.8861765,
              47.1728723
            ],
            [
              36.8885102,
              47.1708321
            ],
            [
              36.8995953,
              47.173901
            ],
            [
              36.9026051,
              47.1696838
            ],
            [
              36.909812,
              47.16513650000001
            ],
            [
              36.9120777,
              47.1666144
            ],
            [
              36.9143351,
              47.1658414
            ],
            [
              36.9183231,
              47.1710081
            ],
            [
              36.9240584,
              47.1704283
            ],
            [
              36.9225285,
              47.1605548
            ],
            [
              36.9366519,
              47.16551850000001
            ],
            [
              36.9367874,
              47.161378
            ],
            [
              36.9404074,
              47.1573171
            ],
            [
              36.945679,
              47.1600545
            ],
            [
              36.9495352,
              47.1586788
            ],
            [
              36.9504188,
              47.1549083
            ],
            [
              36.9546827,
              47.1535393
            ],
            [
              36.9545717,
              47.1495599
            ],
            [
              36.9617594,
              47.1488122
            ],
            [
              36.9638271,
              47.1449395
            ],
            [
              36.9737933,
              47.1398854
            ],
            [
              36.9703182,
              47.1357456
            ],
            [
              36.9798502,
              47.130819
            ],
            [
              36.9789843,
              47.1273412
            ],
            [
              36.9835274,
              47.1244045
            ],
            [
              36.9881899,
              47.1257896
            ],
            [
              36.99257230000001,
              47.1240194
            ],
            [
              36.9979671,
              47.1296066
            ],
            [
              37.0022217,
              47.1271634
            ],
            [
              37.0027317,
              47.1210424
            ],
            [
              36.9997972,
              47.1143517
            ],
            [
              37.0058586,
              47.1129805
            ],
            [
              37.0094951,
              47.1141209
            ],
            [
              37.0107914,
              47.1106078
            ],
            [
              37.0093366,
              47.1064994
            ],
            [
              37.0019709,
              47.100854
            ],
            [
              37.00595890000001,
              47.097536
            ],
            [
              37.0108917,
              47.0984865
            ],
            [
              37.0086432,
              47.09220280000001
            ],
            [
              37.0127672,
              47.0893595
            ],
            [
              37.0083874,
              47.0845123
            ],
            [
              36.99851320000001,
              47.0836021
            ],
            [
              36.9854155,
              47.0797715
            ],
            [
              37.081212,
              47.0474791
            ],
            [
              37.0865397,
              47.0524616
            ],
            [
              37.0986952,
              47.0592489
            ],
            [
              37.1249171,
              47.0391072
            ],
            [
              37.0893372,
              47.0074623
            ],
            [
              37.1411334,
              46.9819937
            ],
            [
              37.1026884,
              46.9599756
            ],
            [
              37.092348,
              46.9683681
            ],
            [
              37.0214379,
              46.92794
            ],
            [
              37.0335649,
              46.9175287
            ],
            [
              37.0624638,
              46.8839559
            ],
            [
              37.1687215,
              46.710379
            ],
            [
              37.19593680000001,
              46.7013262
            ],
            [
              37.2286491,
              46.6937574
            ],
            [
              37.279713,
              46.6880423
            ],
            [
              37.3314211,
              46.6892704
            ],
            [
              37.3652686,
              46.6939341
            ],
            [
              37.3979391,
              46.7015874
            ],
            [
              37.4375896,
              46.7158298
            ],
            [
              37.620074,
              46.8298909
            ],
            [
              38.1408636,
              46.8609996
            ],
            [
              38.3381215,
              46.9807515
            ],
            [
              38.228514,
              47.1226068
            ],
            [
              38.2290997,
              47.1271667
            ],
            [
              38.2362181,
              47.13955330000001
            ],
            [
              38.2358904,
              47.1986006
            ],
            [
              38.2339781,
              47.2037756
            ],
            [
              38.2372421,
              47.208315800000015
            ],
            [
              38.2410077,
              47.209975
            ],
            [
              38.2427622,
              47.2177685
            ],
            [
              38.2402555,
              47.2186943
            ],
            [
              38.2402932,
              47.2216566
            ],
            [
              38.2364456,
              47.2254286
            ],
            [
              38.2339134,
              47.2258225
            ],
            [
              38.23290870000001,
              47.228951
            ],
            [
              38.2386429,
              47.23259520000001
            ],
            [
              38.2543436,
              47.2338897
            ],
            [
              38.2603084,
              47.23825520000001
            ],
            [
              38.28819570000001,
              47.23853530000002
            ],
            [
              38.2879737,
              47.2567529
            ],
            [
              38.3244901,
              47.25695
            ],
            [
              38.3315717,
              47.2636483
            ],
            [
              38.3293075,
              47.26697990000001
            ],
            [
              38.33353,
              47.26919
            ],
            [
              38.3307651,
              47.2758756
            ],
            [
              38.3265053,
              47.2770976
            ],
            [
              38.3270852,
              47.2797604
            ],
            [
              38.3228295,
              47.2814922
            ],
            [
              38.3280737,
              47.2853766
            ],
            [
              38.3330968,
              47.29271220000002
            ],
            [
              38.3335106,
              47.2965914
            ],
            [
              38.3269549,
              47.2978449
            ],
            [
              38.3270003,
              47.2994985
            ],
            [
              38.3345902,
              47.3026939
            ],
            [
              38.3360399,
              47.3062541
            ],
            [
              38.220892,
              47.3053966
            ],
            [
              38.2211335,
              47.3270782
            ],
            [
              38.22697030000001,
              47.3302439
            ],
            [
              38.222511200000014,
              47.3331063
            ],
            [
              38.2304107,
              47.3386482
            ],
            [
              38.2319092,
              47.3443148
            ],
            [
              38.2392781,
              47.346081
            ],
            [
              38.2462386,
              47.3507274
            ],
            [
              38.2464864,
              47.3541578
            ],
            [
              38.24933260000001,
              47.3567773
            ],
            [
              38.244983,
              47.3637092
            ],
            [
              38.2572543,
              47.3732126
            ],
            [
              38.2865486,
              47.3734193
            ],
            [
              38.2864717,
              47.3913579
            ],
            [
              38.3006472,
              47.3914516
            ],
            [
              38.3023895,
              47.392848
            ],
            [
              38.3020282,
              47.4749623
            ],
            [
              38.288368,
              47.4760923
            ],
            [
              38.28595520000001,
              47.4834921
            ],
            [
              38.28851550000001,
              47.4888006
            ],
            [
              38.2919628,
              47.4904919
            ],
            [
              38.2900394,
              47.4989951
            ],
            [
              38.2937802,
              47.5021613
            ],
            [
              38.2915671,
              47.5058445
            ],
            [
              38.2934312,
              47.5080877
            ],
            [
              38.284896,
              47.509034
            ],
            [
              38.2847269,
              47.5443096
            ],
            [
              38.3050538,
              47.5448082
            ],
            [
              38.3072882,
              47.546487
            ],
            [
              38.3060754,
              47.5482879
            ],
            [
              38.3112639,
              47.5535748
            ],
            [
              38.3107926,
              47.5761448
            ],
            [
              38.3507161,
              47.5761965
            ],
            [
              38.3504612,
              47.616646
            ],
            [
              38.4567501,
              47.6171106
            ],
            [
              38.4564852,
              47.6440438
            ],
            [
              38.6164372,
              47.6445813
            ],
            [
              38.6260863,
              47.6534589
            ],
            [
              38.629749,
              47.6534345
            ],
            [
              38.6292721,
              47.669396
            ],
            [
              38.6660265,
              47.66931430000001
            ],
            [
              38.6658283,
              47.69872880000001
            ],
            [
              38.7348912,
              47.6996369
            ],
            [
              38.73551170000001,
              47.6945835
            ],
            [
              38.7298727,
              47.69117
            ],
            [
              38.734137,
              47.6874086
            ],
            [
              38.7377346,
              47.6877386
            ],
            [
              38.739705,
              47.6850923
            ],
            [
              38.73556820000001,
              47.6825911
            ],
            [
              38.7366073,
              47.68013590000001
            ],
            [
              38.7432243,
              47.6806771
            ],
            [
              38.746871,
              47.686366
            ],
            [
              38.7507823,
              47.6844654
            ],
            [
              38.7534585,
              47.6865178
            ],
            [
              38.7551449,
              47.6853401
            ],
            [
              38.7726084,
              47.6855249
            ],
            [
              38.77263590000001,
              47.7137092
            ],
            [
              38.7707513,
              47.7175131
            ],
            [
              38.7729603,
              47.7177833
            ],
            [
              38.7730558,
              47.719341
            ],
            [
              38.77015080000001,
              47.7210565
            ],
            [
              38.7775211,
              47.7357043
            ],
            [
              38.7797592,
              47.7371867
            ],
            [
              38.7890234,
              47.7375434
            ],
            [
              38.7891099,
              47.7685824
            ],
            [
              38.7932706,
              47.768729
            ],
            [
              38.79251520000002,
              47.7723404
            ],
            [
              38.7965442,
              47.7736581
            ],
            [
              38.7959805,
              47.776458
            ],
            [
              38.788991,
              47.77830830000001
            ],
            [
              38.7930973,
              47.7844216
            ],
            [
              38.7865412,
              47.7846165
            ],
            [
              38.7838686,
              47.7880408
            ],
            [
              38.7839709,
              47.79173020000001
            ],
            [
              38.7904681,
              47.796407
            ],
            [
              38.7889225,
              47.8159167
            ],
            [
              38.8288189,
              47.8159186
            ],
            [
              38.8287987,
              47.8232682
            ],
            [
              38.8324104,
              47.8266805
            ],
            [
              38.8288538,
              47.8279055
            ],
            [
              38.828454,
              47.83187739999999
            ],
            [
              38.8252904,
              47.8353662
            ],
            [
              38.8261984,
              47.8456929
            ],
            [
              38.8298434,
              47.8499461
            ],
            [
              38.8360547,
              47.84968459999999
            ],
            [
              38.8383936,
              47.8514366
            ],
            [
              38.8425792,
              47.8513972
            ],
            [
              38.8429626,
              47.8653254
            ],
            [
              38.8775668,
              47.8671032
            ],
            [
              38.8790446,
              47.8759891
            ],
            [
              38.8906172,
              47.8742616
            ],
            [
              38.8918077,
              47.8730216
            ],
            [
              38.8937937,
              47.8744075
            ],
            [
              38.8982693,
              47.8743384
            ],
            [
              38.8991564,
              47.8729333
            ],
            [
              38.9034547,
              47.8723689
            ],
            [
              38.9091207,
              47.8729319
            ],
            [
              38.9124361,
              47.8756267
            ],
            [
              38.9145987,
              47.8743224
            ],
            [
              38.9274449,
              47.8731005
            ],
            [
              38.9414017,
              47.8732852
            ],
            [
              38.9555931,
              47.8693688
            ],
            [
              39.0744646,
              47.8695196
            ],
            [
              39.0651605,
              47.8960073
            ],
            [
              39.0914413,
              47.9409895
            ],
            [
              39.0840041,
              47.9409238
            ],
            [
              39.0738359,
              47.9529286
            ],
            [
              39.0696379,
              47.9499615
            ],
            [
              39.0665226,
              47.9513149
            ],
            [
              39.065613,
              47.9490501
            ],
            [
              39.0570247,
              47.9468464
            ],
            [
              39.0550733,
              47.950274
            ],
            [
              39.0507101,
              47.9509422
            ],
            [
              39.0529809,
              47.9547295
            ],
            [
              39.0479358,
              47.9539322
            ],
            [
              39.0460108,
              47.9562364
            ],
            [
              39.0385008,
              47.9563534
            ],
            [
              39.0434811,
              47.9887473
            ],
            [
              39.0398439,
              48.0069404
            ],
            [
              38.8612538,
              48.0147577
            ],
            [
              38.8540755,
              48.0204487
            ],
            [
              38.8253525,
              48.0297743
            ],
            [
              38.8213775,
              48.0358527
            ],
            [
              38.825587,
              48.0380445
            ],
            [
              38.8213309,
              48.0430268
            ],
            [
              38.8195003,
              48.0423906
            ],
            [
              38.8126713,
              48.0479449
            ],
            [
              38.8151558,
              48.0509123
            ],
            [
              38.8213193,
              48.0516809
            ],
            [
              38.8219061,
              48.057328
            ],
            [
              38.8314692,
              48.0579098
            ],
            [
              38.8272786,
              48.0606015
            ],
            [
              38.8304809,
              48.0633834
            ],
            [
              38.826754,
              48.0656663
            ],
            [
              38.8297698,
              48.0683545
            ],
            [
              38.826834,
              48.0692337
            ],
            [
              38.8293027,
              48.0774432
            ],
            [
              38.8241029,
              48.0742751
            ],
            [
              38.8179226,
              48.0659146
            ],
            [
              38.8031906,
              48.0703088
            ],
            [
              38.8039879,
              48.071303
            ],
            [
              38.79952690000001,
              48.0747152
            ],
            [
              38.8042126,
              48.0784256
            ],
            [
              38.8087415,
              48.0780326
            ],
            [
              38.81748179999999,
              48.0843192
            ],
            [
              38.806696,
              48.0882836
            ],
            [
              38.8203959,
              48.1162414
            ],
            [
              38.8120781,
              48.1169705
            ],
            [
              38.8106205,
              48.1190811
            ],
            [
              38.79801970000001,
              48.1189312
            ],
            [
              38.7896401,
              48.12415580000001
            ],
            [
              38.7808044,
              48.1259096
            ],
            [
              38.7801038,
              48.1301628
            ],
            [
              38.7741461,
              48.1270389
            ],
            [
              38.7662963,
              48.1321771
            ],
            [
              38.7656647,
              48.130377
            ],
            [
              38.7622863,
              48.1322689
            ],
            [
              38.7566585,
              48.1317003
            ],
            [
              38.7454473,
              48.1346027
            ],
            [
              38.7373214,
              48.1345559
            ],
            [
              38.7219412,
              48.139322
            ],
            [
              38.7167869,
              48.1419986
            ],
            [
              38.7150937,
              48.1447963
            ],
            [
              38.7045312,
              48.1448501
            ],
            [
              38.70235430000001,
              48.1463565
            ],
            [
              38.7024335,
              48.1440431
            ],
            [
              38.698484,
              48.1452805
            ],
            [
              38.6974359,
              48.1482932
            ],
            [
              38.69654890000001,
              48.1454957
            ],
            [
              38.6894437,
              48.1475819
            ],
            [
              38.689177,
              48.1503725
            ],
            [
              38.693663,
              48.1576626
            ],
            [
              38.6790901,
              48.1568787
            ],
            [
              38.6663015,
              48.1581155
            ],
            [
              38.6711636,
              48.1640674
            ],
            [
              38.6406031,
              48.1630636
            ],
            [
              38.6376084,
              48.1613306
            ],
            [
              38.6024578,
              48.1722964
            ],
            [
              38.6026313,
              48.1753621
            ],
            [
              38.5981484,
              48.1800388
            ],
            [
              38.6037791,
              48.1880772
            ],
            [
              38.6113373,
              48.190887
            ],
            [
              38.6115366,
              48.1927675
            ],
            [
              38.6082731,
              48.1946197
            ],
            [
              38.6108073,
              48.19655930000001
            ],
            [
              38.613443,
              48.2042668
            ],
            [
              38.5985742,
              48.2146982
            ],
            [
              38.5890886,
              48.2273584
            ],
            [
              38.5886163,
              48.2328469
            ],
            [
              38.59033580000001,
              48.2343825
            ],
            [
              38.5882775,
              48.2344918
            ],
            [
              38.5875587,
              48.2382564
            ],
            [
              38.5895959,
              48.2396081
            ],
            [
              38.5877689,
              48.2431232
            ],
            [
              38.5911911,
              48.2517491
            ],
            [
              38.5877545,
              48.258197
            ],
            [
              38.5746523,
              48.2676195
            ],
            [
              38.5669617,
              48.2700742
            ],
            [
              38.5244765,
              48.272712
            ],
            [
              38.5240199,
              48.2784578
            ],
            [
              38.5210368,
              48.2785637
            ],
            [
              38.5210936,
              48.27297520000001
            ],
            [
              38.4270415,
              48.2782877
            ],
            [
              38.4260605,
              48.2813202
            ],
            [
              38.4283873,
              48.284252
            ],
            [
              38.4249672,
              48.2881049
            ],
            [
              38.4294942,
              48.2900808
            ],
            [
              38.4274095,
              48.2904673
            ],
            [
              38.4281847,
              48.2934769
            ],
            [
              38.4337894,
              48.2971971
            ],
            [
              38.4332719,
              48.29957560000001
            ],
            [
              38.4279828,
              48.3031279
            ],
            [
              38.4281664,
              48.3083439
            ],
            [
              38.4345811,
              48.3146984
            ],
            [
              38.4411454,
              48.3164583
            ],
            [
              38.4393729,
              48.323474
            ],
            [
              38.437043,
              48.3232138
            ],
            [
              38.4334453,
              48.3392632
            ],
            [
              38.4563502,
              48.3425761
            ],
            [
              38.45571,
              48.3468162
            ],
            [
              38.4636564,
              48.348458
            ],
            [
              38.4617699,
              48.3502347
            ],
            [
              38.4635549,
              48.3520133
            ],
            [
              38.4697679,
              48.3490855
            ],
            [
              38.4720208,
              48.3500933
            ],
            [
              38.4709524,
              48.3553334
            ],
            [
              38.4735142,
              48.35605
            ],
            [
              38.4710095,
              48.3600359
            ],
            [
              38.496858,
              48.3630137
            ],
            [
              38.498434,
              48.3655618
            ],
            [
              38.4887825,
              48.3644485
            ],
            [
              38.4788327,
              48.3674162
            ],
            [
              38.4728536,
              48.367546
            ],
            [
              38.4685977,
              48.3791475
            ],
            [
              38.4534124,
              48.3811448
            ],
            [
              38.4500969,
              48.3759133
            ],
            [
              38.4366438,
              48.3960769
            ],
            [
              38.4393977,
              48.4175264
            ],
            [
              38.4322942,
              48.4351155
            ],
            [
              38.4345859,
              48.4377446
            ],
            [
              38.4331687,
              48.447658
            ],
            [
              38.4008279,
              48.4400443
            ],
            [
              38.4024064,
              48.4347417
            ],
            [
              38.3822732,
              48.4296101
            ],
            [
              38.3760633,
              48.4415496
            ],
            [
              38.3714962,
              48.4430286
            ],
            [
              38.3607648,
              48.4432359
            ],
            [
              38.3566708,
              48.4411954
            ],
            [
              38.3512289,
              48.4416787
            ],
            [
              38.343524,
              48.4379422
            ],
            [
              38.3419712,
              48.4385615
            ],
            [
              38.3114172,
              48.4555714
            ],
            [
              38.3199606,
              48.4651207
            ],
            [
              38.2882456,
              48.4767324
            ],
            [
              38.29627880000001,
              48.4762661
            ],
            [
              38.297537,
              48.4784438
            ],
            [
              38.3036652,
              48.4741601
            ],
            [
              38.3050004,
              48.4749105
            ],
            [
              38.3016272,
              48.4849786
            ],
            [
              38.3066132,
              48.4847042
            ],
            [
              38.2976214,
              48.4909884
            ],
            [
              38.29850860000001,
              48.4951815
            ],
            [
              38.3034724,
              48.4945073
            ],
            [
              38.3068417,
              48.4973449
            ],
            [
              38.3119528,
              48.4984986
            ],
            [
              38.31142469999999,
              48.5057668
            ],
            [
              38.320062,
              48.5089208
            ],
            [
              38.285006,
              48.5368419
            ],
            [
              38.2819057,
              48.535169
            ],
            [
              38.2762358,
              48.5406318
            ],
            [
              38.278738,
              48.5415078
            ],
            [
              38.2735457,
              48.5454303
            ],
            [
              38.2795442,
              48.5460303
            ],
            [
              38.26370210000001,
              48.6367026
            ],
            [
              38.22887520000001,
              48.6340261
            ],
            [
              38.22583020000001,
              48.6524701
            ],
            [
              38.2387578,
              48.6547533
            ],
            [
              38.2389242,
              48.6568246
            ],
            [
              38.2520553,
              48.657771
            ],
            [
              38.2536279,
              48.6551266
            ],
            [
              38.2598132,
              48.6552932
            ],
            [
              38.2592996,
              48.66751880000001
            ],
            [
              38.26859250000001,
              48.6688754
            ],
            [
              38.26721,
              48.664098
            ],
            [
              38.2877433,
              48.665226
            ],
            [
              38.28315830000001,
              48.6812702
            ],
            [
              38.3042192,
              48.6834675
            ],
            [
              38.3060026,
              48.6821098
            ],
            [
              38.314968,
              48.6846696
            ],
            [
              38.314043,
              48.6869028
            ],
            [
              38.30726,
              48.6878416
            ],
            [
              38.3143574,
              48.6958179
            ],
            [
              38.3150431,
              48.7045169
            ],
            [
              38.30646439999999,
              48.7088197
            ],
            [
              38.3043266,
              48.712312800000014
            ],
            [
              38.3252758,
              48.7142397
            ],
            [
              38.3241372,
              48.72601990000001
            ],
            [
              38.321309,
              48.7317492
            ],
            [
              38.3156039,
              48.73471330000001
            ],
            [
              38.2831454,
              48.7372949
            ],
            [
              38.26753880000001,
              48.7490502
            ],
            [
              38.26297880000001,
              48.7501961
            ],
            [
              38.275083,
              48.7729679
            ],
            [
              38.2825851,
              48.7738179
            ],
            [
              38.2788297,
              48.8025615
            ],
            [
              38.3182995,
              48.8060364
            ],
            [
              38.3134821,
              48.8283026
            ],
            [
              38.2726705,
              48.8248003
            ],
            [
              38.2680679,
              48.8362274
            ],
            [
              38.2596502,
              48.842255
            ],
            [
              38.2213617,
              48.839623
            ],
            [
              38.2288668,
              48.8584695
            ],
            [
              38.2278914,
              48.9367573
            ],
            [
              38.2174174,
              48.9324822
            ],
            [
              38.1964012,
              48.9279599
            ],
            [
              38.1434078,
              48.9322803
            ],
            [
              38.1392384,
              48.9311453
            ],
            [
              38.1356776,
              48.9248947
            ],
            [
              38.1310732,
              48.9239084
            ],
            [
              38.1247005,
              48.926601
            ],
            [
              38.1173623,
              48.9266783
            ],
            [
              38.1144041,
              48.931673
            ],
            [
              38.09538580000001,
              48.9342945
            ],
            [
              38.0926364,
              48.9391373
            ],
            [
              38.0630601,
              48.9368062
            ],
            [
              38.0542127,
              48.9396576
            ],
            [
              38.0468942,
              48.9367241
            ],
            [
              38.0383164,
              48.9253255
            ],
            [
              38.0369834,
              48.9434046
            ],
            [
              38.0051816,
              48.9466404
            ],
            [
              38.0301736,
              48.9741902
            ],
            [
              38.0539894,
              48.9648687
            ],
            [
              38.0524498,
              48.971588
            ],
            [
              38.0577744,
              48.9757395
            ],
            [
              38.0509099,
              48.98233530000001
            ],
            [
              38.0550967,
              48.9864855
            ],
            [
              38.0803863,
              48.99217190000001
            ],
            [
              38.0988686,
              48.9922557
            ],
            [
              38.0978731,
              48.9988289
            ],
            [
              38.0730262,
              49.0398867
            ],
            [
              38.0530894,
              49.058901
            ],
            [
              38.061697,
              49.0632062
            ],
            [
              38.0679514,
              49.0965889
            ],
            [
              38.0837737,
              49.1345201
            ],
            [
              38.08158739999999,
              49.1479994
            ],
            [
              38.0669428,
              49.1466203
            ],
            [
              38.0441743,
              49.150456
            ],
            [
              38.0403885,
              49.1266972
            ],
            [
              37.9807016,
              49.130563
            ],
            [
              37.9748503,
              49.1347698
            ],
            [
              37.9607185,
              49.1358245
            ],
            [
              37.9562862,
              49.1428534
            ],
            [
              37.9444101,
              49.13911090000001
            ],
            [
              37.926508,
              49.1438362
            ],
            [
              37.8933618,
              49.16051490000001
            ],
            [
              37.90271890000001,
              49.1664817
            ],
            [
              37.8930733,
              49.1747449
            ],
            [
              37.9059891,
              49.180645
            ],
            [
              37.9071565,
              49.1836099
            ],
            [
              37.91397,
              49.1865792
            ],
            [
              37.9350483,
              49.191823
            ],
            [
              37.9237449,
              49.2058689
            ],
            [
              37.9197375,
              49.2064319
            ],
            [
              37.9427266,
              49.214114
            ],
            [
              37.933298,
              49.220795
            ],
            [
              37.9174588,
              49.21541530000001
            ],
            [
              37.8903089,
              49.211909
            ],
            [
              37.8897931,
              49.218918
            ],
            [
              37.8734177,
              49.2231661
            ],
            [
              37.8744385,
              49.2338782
            ],
            [
              37.8617066,
              49.2328958
            ],
            [
              37.852249,
              49.2224001
            ],
            [
              37.849797,
              49.2217677
            ],
            [
              37.8469848,
              49.2053686
            ],
            [
              37.84406,
              49.2044244
            ],
            [
              37.843423,
              49.2010846
            ],
            [
              37.8247556,
              49.2027512
            ],
            [
              37.8250363,
              49.2063441
            ],
            [
              37.8108519,
              49.2064416
            ],
            [
              37.7980406,
              49.2090278
            ],
            [
              37.7977916,
              49.202143
            ],
            [
              37.7118835,
              49.2199773
            ],
            [
              37.6143381,
              49.2332941
            ],
            [
              37.5973268,
              49.2300061
            ],
            [
              37.5690758,
              49.231325
            ],
            [
              37.5570555,
              49.223572900000015
            ],
            [
              37.5491534,
              49.2130273
            ],
            [
              37.5286434,
              49.2070111
            ],
            [
              37.5131438,
              49.199583
            ],
            [
              37.5076696,
              49.1908826
            ],
            [
              37.5028201,
              49.1872436
            ],
            [
              37.5047276,
              49.184987
            ],
            [
              37.5012777,
              49.1804062
            ],
            [
              37.5085517,
              49.180372
            ],
            [
              37.5243039,
              49.1764204
            ],
            [
              37.5434004,
              49.1688744
            ],
            [
              37.5551821,
              49.1659669
            ],
            [
              37.5641748,
              49.1493344
            ],
            [
              37.5631036,
              49.1455453
            ],
            [
              37.5597123,
              49.144932
            ],
            [
              37.5509264,
              49.1489856
            ],
            [
              37.5416046,
              49.1452994
            ],
            [
              37.5527656,
              49.1406339
            ],
            [
              37.5629483,
              49.1333619
            ],
            [
              37.5702498,
              49.1354035
            ],
            [
              37.5845817,
              49.12615850000001
            ],
            [
              37.5470326,
              49.1122256
            ],
            [
              37.4982496,
              49.1038449
            ],
            [
              37.4953456,
              49.1052108
            ],
            [
              37.4870661,
              49.1000633
            ],
            [
              37.4956261,
              49.0930566
            ],
            [
              37.501908,
              49.092339
            ],
            [
              37.4994879,
              49.0889766
            ],
            [
              37.5070881,
              49.0810049
            ],
            [
              37.5075403,
              49.0755861
            ],
            [
              37.5048086,
              49.070069
            ],
            [
              37.4920299,
              49.0655805
            ],
            [
              37.4910071,
              49.0628244
            ],
            [
              37.479797,
              49.0574961
            ],
            [
              37.4677113,
              49.0550642
            ],
            [
              37.4654133,
              49.0615051
            ],
            [
              37.4601087,
              49.0562477
            ],
            [
              37.4582086,
              49.0568172
            ],
            [
              37.4511891,
              49.0532019
            ],
            [
              37.4502841,
              49.0613505
            ],
            [
              37.4436782,
              49.0572407
            ],
            [
              37.4377018,
              49.0608001
            ],
            [
              37.429936,
              49.0602188
            ],
            [
              37.41784039999999,
              49.0625994
            ],
            [
              37.4064554,
              49.0517837
            ],
            [
              37.39519090000001,
              49.0508662
            ],
            [
              37.3849608,
              49.0482014
            ],
            [
              37.3882243,
              49.0390631
            ],
            [
              37.3853631,
              49.0338811
            ],
            [
              37.39111,
              49.0255626
            ],
            [
              37.3756775,
              49.0266169
            ],
            [
              37.371113,
              49.0048536
            ],
            [
              37.3726615,
              48.9991999
            ],
            [
              37.3605181,
              48.9984582
            ],
            [
              37.3449089,
              49.0032395
            ],
            [
              37.3345971,
              48.9940402
            ],
            [
              37.3214793,
              48.9899528
            ],
            [
              37.3138738,
              48.9896991
            ],
            [
              37.3131897,
              48.9868339
            ],
            [
              37.3241162,
              48.985066
            ],
            [
              37.32311220000001,
              48.9826674
            ],
            [
              37.3161833,
              48.9836085
            ],
            [
              37.3150162,
              48.9770532
            ],
            [
              37.3130562,
              48.9772958
            ],
            [
              37.3127797,
              48.9803468
            ],
            [
              37.3098745,
              48.9796761
            ],
            [
              37.306971,
              48.9808755
            ],
            [
              37.30188169999999,
              48.9761896
            ],
            [
              37.297242,
              48.9748792
            ],
            [
              37.29866280000001,
              48.9720022
            ],
            [
              37.2946841,
              48.9712486
            ],
            [
              37.2954881,
              48.9684434
            ],
            [
              37.3001251,
              48.9668368
            ],
            [
              37.308496,
              48.9685017
            ],
            [
              37.3095592,
              48.9665568
            ],
            [
              37.3044757,
              48.9655685
            ],
            [
              37.3043232,
              48.9636723
            ],
            [
              37.3105764,
              48.9569879
            ],
            [
              37.3200334,
              48.9572593
            ],
            [
              37.320403,
              48.9528178
            ],
            [
              37.307677,
              48.9509543
            ],
            [
              37.3076098,
              48.945469
            ],
            [
              37.3108793,
              48.9422454
            ],
            [
              37.3209915,
              48.9379795
            ],
            [
              37.3267895,
              48.9384801
            ],
            [
              37.3274684,
              48.94194
            ],
            [
              37.3329886,
              48.9409302
            ],
            [
              37.3274413,
              48.9370239
            ],
            [
              37.3293216,
              48.9352239
            ],
            [
              37.3329409,
              48.9352049
            ],
            [
              37.3279971,
              48.9219686
            ],
            [
              37.3126611,
              48.9229324
            ],
            [
              37.2992175,
              48.9195757
            ],
            [
              37.2991717,
              48.9229443
            ],
            [
              37.2694057,
              48.9226048
            ],
            [
              37.2665564,
              48.9062988
            ],
            [
              37.2451005,
              48.9086773
            ],
            [
              37.244475,
              48.9064986
            ],
            [
              37.22263130000001,
              48.9086433
            ],
            [
              37.22410210000001,
              48.9043138
            ],
            [
              37.2135043,
              48.8926548
            ],
            [
              37.2114236,
              48.8878639
            ],
            [
              37.19816880000001,
              48.881604399999986
            ],
            [
              37.1934712,
              48.8814166
            ],
            [
              37.1892328,
              48.8716144
            ],
            [
              37.1946262,
              48.8495353
            ],
            [
              37.1920882,
              48.8144562
            ],
            [
              37.1573001,
              48.8244841
            ],
            [
              37.1511086,
              48.8324175
            ],
            [
              37.1396398,
              48.8326189
            ],
            [
              37.1458775,
              48.8417884
            ],
            [
              37.1379625,
              48.8439037
            ],
            [
              37.1354061,
              48.842577
            ],
            [
              37.0988406,
              48.85104939999999
            ],
            [
              37.0783482,
              48.817647399999984
            ],
            [
              37.0673936,
              48.817441399999986
            ],
            [
              37.0664177,
              48.813939
            ],
            [
              37.0435909,
              48.8150546
            ],
            [
              37.0238436,
              48.8179078
            ],
            [
              37.0187486,
              48.8017555
            ],
            [
              37.0074604,
              48.8033277
            ],
            [
              37.00501,
              48.7968778
            ],
            [
              36.9949097,
              48.7873598
            ],
            [
              37.0230845,
              48.774832
            ],
            [
              37.0230067,
              48.7674602
            ],
            [
              37.0431324,
              48.7662545
            ],
            [
              37.0358573,
              48.745891
            ],
            [
              37.0309946,
              48.7501835
            ],
            [
              37.020283,
              48.75557290000001
            ],
            [
              37.0175346,
              48.7600312
            ],
            [
              37.0079958,
              48.7653818
            ],
            [
              37.0015555,
              48.7656097
            ],
            [
              36.9990275,
              48.76990270000001
            ],
            [
              36.9887607,
              48.7747557
            ],
            [
              36.9756577,
              48.790248
            ],
            [
              36.9664574,
              48.79335260000001
            ],
            [
              36.9458525,
              48.7956085
            ],
            [
              36.9315928,
              48.792506900000014
            ],
            [
              36.9214152,
              48.7945977
            ],
            [
              36.9209704,
              48.7977615
            ],
            [
              36.8543266,
              48.8002885
            ],
            [
              36.8392184,
              48.7756975
            ],
            [
              36.8409142,
              48.7727432
            ],
            [
              36.8208588,
              48.7713447
            ],
            [
              36.8161283,
              48.7774893
            ],
            [
              36.7878906,
              48.7802103
            ],
            [
              36.7922194,
              48.7857662
            ],
            [
              36.783418,
              48.7893805
            ],
            [
              36.7906844,
              48.8010367
            ],
            [
              36.7634503,
              48.7970609
            ],
            [
              36.7345638,
              48.8042773
            ],
            [
              36.7198023,
              48.8056993
            ],
            [
              36.705388,
              48.7884474
            ],
            [
              36.69537380000001,
              48.7790865
            ],
            [
              36.6893458,
              48.7760627
            ],
            [
              36.6913194,
              48.7704115
            ],
            [
              36.7091285,
              48.7674342
            ],
            [
              36.7176958,
              48.7446889
            ],
            [
              36.7122142,
              48.7436585
            ],
            [
              36.7260524,
              48.7143289
            ],
            [
              36.735626,
              48.7038291
            ],
            [
              36.72831640000001,
              48.6927734
            ],
            [
              36.72559960000001,
              48.6944825
            ],
            [
              36.7175008,
              48.6943649
            ],
            [
              36.7117231,
              48.6922764
            ],
            [
              36.7174517,
              48.690063
            ],
            [
              36.7192203,
              48.6876709
            ],
            [
              36.7199026,
              48.6835441
            ],
            [
              36.71551,
              48.6796022
            ],
            [
              36.7175688,
              48.6774586
            ],
            [
              36.7163708,
              48.6743939
            ],
            [
              36.7214099,
              48.6730803
            ],
            [
              36.7253612,
              48.6695891
            ],
            [
              36.7262684,
              48.6661948
            ],
            [
              36.7217048,
              48.66272090000001
            ],
            [
              36.72531080000002,
              48.6620927
            ],
            [
              36.7304195,
              48.6567967
            ],
            [
              36.72277290000002,
              48.6535286
            ],
            [
              36.72757270000001,
              48.6522147
            ],
            [
              36.7288848,
              48.6473102
            ],
            [
              36.7341488,
              48.6465296
            ],
            [
              36.7389084,
              48.6259487
            ]
          ]
        ]
      }
    },
    {
      "type": "Feature",
      "properties": {
        "shapeName": "Zaporizhia Oblast",
        "shapeISO": "UA-23",
        "shapeID": "14850775B92888097715572",
        "shapeGroup": "UKR",
        "shapeType": "ADM1"
      },
      "geometry": {
        "type": "Polygon",
        "coordinates": [
          [
            [
              35.4680391,
              46.1464862
            ],
            [
              35.4819473,
              46.1566185
            ],
            [
              35.50291230000001,
              46.175615
            ],
            [
              35.5201177,
              46.19633670000001
            ],
            [
              35.5307274,
              46.2137275
            ],
            [
              35.5549159,
              46.2326741
            ],
            [
              35.5819369,
              46.26281080000001
            ],
            [
              35.6189263,
              46.2749908
            ],
            [
              35.6475954,
              46.288284
            ],
            [
              35.6852912,
              46.3127683
            ],
            [
              35.7062562,
              46.3317109
            ],
            [
              35.720357,
              46.3483463
            ],
            [
              35.7671261,
              46.363062
            ],
            [
              35.795795200000015,
              46.3763338
            ],
            [
              35.8217084,
              46.3920699
            ],
            [
              35.8444224,
              46.409999
            ],
            [
              35.8673925,
              46.3827203
            ],
            [
              35.8918154,
              46.3620491
            ],
            [
              35.9200904,
              46.3438584
            ],
            [
              35.9516906,
              46.3284899
            ],
            [
              35.9860276,
              46.3162322
            ],
            [
              36.0040241,
              46.31134439999999
            ],
            [
              36.0412541,
              46.3041657
            ],
            [
              36.07955230000001,
              46.3005555
            ],
            [
              36.1182054,
              46.3005817
            ],
            [
              36.1564934,
              46.3042438
            ],
            [
              36.19370290000001,
              46.3114728
            ],
            [
              36.22914090000001,
              46.32213280000001
            ],
            [
              36.2459876,
              46.3286891
            ],
            [
              36.2775441,
              46.3441003
            ],
            [
              36.292106900000014,
              46.3528828
            ],
            [
              36.318462,
              46.3723951
            ],
            [
              36.3407215,
              46.3941939
            ],
            [
              36.3584708,
              46.4178707
            ],
            [
              36.4085639,
              46.4393093
            ],
            [
              36.4462598,
              46.4637262
            ],
            [
              36.4763173,
              46.4927262
            ],
            [
              36.4915284,
              46.5140584
            ],
            [
              36.4987834,
              46.5281547
            ],
            [
              36.5457041,
              46.5356505
            ],
            [
              36.5740658,
              46.512447
            ],
            [
              36.6141225,
              46.4899056
            ],
            [
              36.6597982,
              46.4731705
            ],
            [
              36.7093378,
              46.4628902
            ],
            [
              36.7608373,
              46.4594637
            ],
            [
              36.7952827,
              46.4610639
            ],
            [
              36.8291301,
              46.4657472
            ],
            [
              36.8775187,
              46.4783618
            ],
            [
              36.9073843,
              46.4902863
            ],
            [
              36.9347341,
              46.5047894
            ],
            [
              36.9590999,
              46.5216209
            ],
            [
              36.9800648,
              46.540491
            ],
            [
              36.9972703,
              46.5610748
            ],
            [
              37.0104216,
              46.5830182
            ],
            [
              37.0192941,
              46.6059446
            ],
            [
              37.024161,
              46.6389232
            ],
            [
              37.0644985,
              46.6616796
            ],
            [
              37.097886,
              46.6898727
            ],
            [
              37.1333852,
              46.6979828
            ],
            [
              37.1687215,
              46.710379
            ],
            [
              37.0624638,
              46.8839559
            ],
            [
              37.0335649,
              46.9175287
            ],
            [
              37.0214379,
              46.92794
            ],
            [
              37.092348,
              46.9683681
            ],
            [
              37.1026884,
              46.9599756
            ],
            [
              37.1411334,
              46.9819937
            ],
            [
              37.0893372,
              47.0074623
            ],
            [
              37.1249171,
              47.0391072
            ],
            [
              37.0986952,
              47.0592489
            ],
            [
              37.0865397,
              47.0524616
            ],
            [
              37.081212,
              47.0474791
            ],
            [
              36.9854155,
              47.0797715
            ],
            [
              36.99851320000001,
              47.0836021
            ],
            [
              37.0083874,
              47.0845123
            ],
            [
              37.0127672,
              47.0893595
            ],
            [
              37.0086432,
              47.09220280000001
            ],
            [
              37.0108917,
              47.0984865
            ],
            [
              37.00595890000001,
              47.097536
            ],
            [
              37.0019709,
              47.100854
            ],
            [
              37.0093366,
              47.1064994
            ],
            [
              37.0107914,
              47.1106078
            ],
            [
              37.0094951,
              47.1141209
            ],
            [
              37.0058586,
              47.1129805
            ],
            [
              36.9997972,
              47.1143517
            ],
            [
              37.0027317,
              47.1210424
            ],
            [
              37.0022217,
              47.1271634
            ],
            [
              36.9979671,
              47.1296066
            ],
            [
              36.99257230000001,
              47.1240194
            ],
            [
              36.9881899,
              47.1257896
            ],
            [
              36.9835274,
              47.1244045
            ],
            [
              36.9789843,
              47.1273412
            ],
            [
              36.9798502,
              47.130819
            ],
            [
              36.9703182,
              47.1357456
            ],
            [
              36.9737933,
              47.1398854
            ],
            [
              36.9638271,
              47.1449395
            ],
            [
              36.9617594,
              47.1488122
            ],
            [
              36.9545717,
              47.1495599
            ],
            [
              36.9546827,
              47.1535393
            ],
            [
              36.9504188,
              47.1549083
            ],
            [
              36.9495352,
              47.1586788
            ],
            [
              36.945679,
              47.1600545
            ],
            [
              36.9404074,
              47.1573171
            ],
            [
              36.9367874,
              47.161378
            ],
            [
              36.9366519,
              47.16551850000001
            ],
            [
              36.9225285,
              47.1605548
            ],
            [
              36.9240584,
              47.1704283
            ],
            [
              36.9183231,
              47.1710081
            ],
            [
              36.9143351,
              47.1658414
            ],
            [
              36.9120777,
              47.1666144
            ],
            [
              36.909812,
              47.16513650000001
            ],
            [
              36.9026051,
              47.1696838
            ],
            [
              36.8995953,
              47.173901
            ],
            [
              36.8885102,
              47.1708321
            ],
            [
              36.8861765,
              47.1728723
            ],
            [
              36.8864357,
              47.1766744
            ],
            [
              36.8848054,
              47.1770494
            ],
            [
              36.881503,
              47.1746057
            ],
            [
              36.8789279,
              47.1755377
            ],
            [
              36.8759997,
              47.1811231
            ],
            [
              36.8702477,
              47.1842624
            ],
            [
              36.864323,
              47.1853625
            ],
            [
              36.8632654,
              47.1877095
            ],
            [
              36.8591538,
              47.1894476
            ],
            [
              36.8599955,
              47.1924911
            ],
            [
              36.8577509,
              47.1923004
            ],
            [
              36.855981,
              47.1940457
            ],
            [
              36.8573624,
              47.1976022
            ],
            [
              36.8546099,
              47.19913380000001
            ],
            [
              36.8917618,
              47.2000037
            ],
            [
              36.894083,
              47.2059071
            ],
            [
              36.9308514,
              47.2069799
            ],
            [
              36.9313312,
              47.2005647
            ],
            [
              36.9626139,
              47.2016559
            ],
            [
              36.9556994,
              47.2290267
            ],
            [
              36.9490524,
              47.2281976
            ],
            [
              36.9451641,
              47.2404607
            ],
            [
              36.9363786,
              47.2871212
            ],
            [
              36.9260224,
              47.3194178
            ],
            [
              36.9442269,
              47.3206358
            ],
            [
              36.9466004,
              47.3109951
            ],
            [
              37.0264564,
              47.3147836
            ],
            [
              37.02891240000001,
              47.3108184
            ],
            [
              37.0339637,
              47.3090152
            ],
            [
              37.0361269,
              47.2999843
            ],
            [
              37.0837011,
              47.3147193
            ],
            [
              37.0804635,
              47.3174145
            ],
            [
              37.0829384,
              47.3176118
            ],
            [
              37.0832455,
              47.3218255
            ],
            [
              37.0951442,
              47.3259678
            ],
            [
              37.0922697,
              47.3300747
            ],
            [
              37.122176900000014,
              47.3403728
            ],
            [
              37.106553,
              47.3759571
            ],
            [
              37.146039,
              47.3811051
            ],
            [
              37.1619798,
              47.341438
            ],
            [
              37.2034182,
              47.3557652
            ],
            [
              37.1945741,
              47.3733558
            ],
            [
              37.23200590000001,
              47.437834
            ],
            [
              37.23675320000001,
              47.4368406
            ],
            [
              37.24841580000001,
              47.45682449999999
            ],
            [
              37.2395517,
              47.4597266
            ],
            [
              37.2450004,
              47.4691412
            ],
            [
              37.2136118,
              47.4694975
            ],
            [
              37.2114777,
              47.4688174
            ],
            [
              37.2114146,
              47.4666903
            ],
            [
              37.2082931,
              47.4669578
            ],
            [
              37.2067781,
              47.4687542
            ],
            [
              37.19003280000001,
              47.4689803
            ],
            [
              37.19597060000001,
              47.4789319
            ],
            [
              37.1797983,
              47.4836571
            ],
            [
              37.1577018,
              47.4548597
            ],
            [
              37.1288798,
              47.4677276
            ],
            [
              37.1274007,
              47.46871080000001
            ],
            [
              37.1288856,
              47.4697688
            ],
            [
              37.0843169,
              47.496115
            ],
            [
              37.0781408,
              47.4916871
            ],
            [
              37.0741782,
              47.4937229
            ],
            [
              37.0210271,
              47.5527976
            ],
            [
              37.0015961,
              47.5388645
            ],
            [
              36.9800607,
              47.5607131
            ],
            [
              36.9667558,
              47.553407
            ],
            [
              36.9443387,
              47.5761317
            ],
            [
              36.8934106,
              47.5449148
            ],
            [
              36.8303171,
              47.6242291
            ],
            [
              36.7646269,
              47.600787
            ],
            [
              36.7631436,
              47.6005689
            ],
            [
              36.76211630000002,
              47.6031478
            ],
            [
              36.7649174,
              47.6077703
            ],
            [
              36.74810320000001,
              47.6065962
            ],
            [
              36.7452576,
              47.6217404
            ],
            [
              36.76621220000001,
              47.623444
            ],
            [
              36.765849,
              47.63411330000001
            ],
            [
              36.725195,
              47.6310934
            ],
            [
              36.7182719,
              47.6588466
            ],
            [
              36.7548069,
              47.6619953
            ],
            [
              36.7544358,
              47.6644869
            ],
            [
              36.752336,
              47.6641601
            ],
            [
              36.7534448,
              47.6668305
            ],
            [
              36.7689401,
              47.6679185
            ],
            [
              36.7688682,
              47.6662988
            ],
            [
              36.7747236,
              47.665137
            ],
            [
              36.7760591,
              47.6662101
            ],
            [
              36.7745633,
              47.66957
            ],
            [
              36.7786899,
              47.6679746
            ],
            [
              36.7794065,
              47.6703493
            ],
            [
              36.7845168,
              47.6734753
            ],
            [
              36.7805276,
              47.6751497
            ],
            [
              36.7807309,
              47.6770004
            ],
            [
              36.7842412,
              47.6799813
            ],
            [
              36.79197890000001,
              47.6810063
            ],
            [
              36.7902865,
              47.6836962
            ],
            [
              36.7916444,
              47.6849218
            ],
            [
              36.7133797,
              47.6788709
            ],
            [
              36.699959,
              47.7324982
            ],
            [
              36.685659,
              47.7308949
            ],
            [
              36.6713057,
              47.7935819
            ],
            [
              36.5938369,
              47.7840344
            ],
            [
              36.5876317,
              47.78535580000001
            ],
            [
              36.5885271,
              47.8165077
            ],
            [
              36.59933010000001,
              47.8178481
            ],
            [
              36.6083961,
              47.8408481
            ],
            [
              36.6047014,
              47.8508377
            ],
            [
              36.5847724,
              47.8473971
            ],
            [
              36.52091690000001,
              47.8364524
            ],
            [
              36.5228575,
              47.828813
            ],
            [
              36.4695098,
              47.8239992
            ],
            [
              36.4490522,
              47.8240875
            ],
            [
              36.421847,
              47.8289118
            ],
            [
              36.4118732,
              47.8276503
            ],
            [
              36.3977879,
              47.8308742
            ],
            [
              36.3767052,
              47.8299891
            ],
            [
              36.3744194,
              47.837979
            ],
            [
              36.324133,
              47.8394667
            ],
            [
              36.3231212,
              47.8355965
            ],
            [
              36.3305252,
              47.8306801
            ],
            [
              36.3294652,
              47.8273268
            ],
            [
              36.3322116,
              47.8258819
            ],
            [
              36.3283106,
              47.8229113
            ],
            [
              36.3301558,
              47.8203176
            ],
            [
              36.298596300000014,
              47.8159282
            ],
            [
              36.29819480000001,
              47.8177401
            ],
            [
              36.275516900000014,
              47.8154752
            ],
            [
              36.2738145,
              47.8233586
            ],
            [
              36.2661856,
              47.833203
            ],
            [
              36.1975738,
              47.8325454
            ],
            [
              36.1931612,
              47.8381075
            ],
            [
              36.1895222,
              47.8370862
            ],
            [
              36.1882444,
              47.8415243
            ],
            [
              36.194395,
              47.8489805
            ],
            [
              36.1974,
              47.8569064
            ],
            [
              36.1958241,
              47.8594481
            ],
            [
              36.1771939,
              47.8571957
            ],
            [
              36.1787749,
              47.8506565
            ],
            [
              36.1016634,
              47.8425887
            ],
            [
              36.1002183,
              47.848513
            ],
            [
              36.0958889,
              47.8500811
            ],
            [
              36.0736508,
              47.8488326
            ],
            [
              36.0685622,
              47.8674888
            ],
            [
              36.0575194,
              47.8682955
            ],
            [
              36.0540611,
              47.8800013
            ],
            [
              36.0807874,
              47.8832195
            ],
            [
              36.0872019,
              47.8612274
            ],
            [
              36.1192273,
              47.8647615
            ],
            [
              36.1169226,
              47.8709357
            ],
            [
              36.1301856,
              47.8903331
            ],
            [
              36.1224771,
              47.90019
            ],
            [
              36.12771270000001,
              47.9019169
            ],
            [
              36.1103646,
              47.924578
            ],
            [
              36.1197291,
              47.9278626
            ],
            [
              36.1087035,
              47.9417691
            ],
            [
              36.0850119,
              47.9303057
            ],
            [
              36.0735698,
              47.9652124
            ],
            [
              36.051624,
              47.9585709
            ],
            [
              36.0479461,
              47.9655214
            ],
            [
              36.0707449,
              47.9715179
            ],
            [
              36.0661957,
              47.9820963
            ],
            [
              36.0619976,
              48.0010325
            ],
            [
              36.0416478,
              48.0039192
            ],
            [
              36.0344335,
              48.0187162
            ],
            [
              36.0655311,
              48.0251985
            ],
            [
              36.0560879,
              48.0460971
            ],
            [
              36.0582208,
              48.0465397
            ],
            [
              36.0524844,
              48.0590719
            ],
            [
              35.9752911,
              48.043179
            ],
            [
              35.9779628,
              48.0515222
            ],
            [
              35.982607,
              48.0567899
            ],
            [
              35.9879416,
              48.0570536
            ],
            [
              35.9885154,
              48.058354
            ],
            [
              35.9806564,
              48.0634002
            ],
            [
              35.9751852,
              48.0594259
            ],
            [
              35.9720218,
              48.0599386
            ],
            [
              35.9742044,
              48.0665088
            ],
            [
              35.9694347,
              48.0731229
            ],
            [
              35.9770196,
              48.0779751
            ],
            [
              35.9839606,
              48.0781564
            ],
            [
              35.985463,
              48.0846407
            ],
            [
              35.9840366,
              48.0866397
            ],
            [
              35.9760994,
              48.0863475
            ],
            [
              35.975402,
              48.0922845
            ],
            [
              35.9665982,
              48.0947947
            ],
            [
              35.920633,
              48.0820667
            ],
            [
              35.8168631,
              48.0661227
            ],
            [
              35.8060527,
              48.1006107
            ],
            [
              35.7947346,
              48.09633510000001
            ],
            [
              35.7831565,
              48.0941682
            ],
            [
              35.7761836,
              48.09671810000001
            ],
            [
              35.75815510000001,
              48.0986094
            ],
            [
              35.7560005,
              48.098353
            ],
            [
              35.7565701,
              48.0964426
            ],
            [
              35.7428249,
              48.0957479
            ],
            [
              35.7034121,
              48.1402147
            ],
            [
              35.5930955,
              48.0983456
            ],
            [
              35.5236574,
              48.0744153
            ],
            [
              35.5188268,
              48.0948608
            ],
            [
              35.5079687,
              48.0977291
            ],
            [
              35.4856094,
              48.0949666
            ],
            [
              35.4806579,
              48.0974037
            ],
            [
              35.4794053,
              48.0967819
            ],
            [
              35.4792211,
              48.0981076
            ],
            [
              35.4744756,
              48.0976521
            ],
            [
              35.4622801,
              48.1017036
            ],
            [
              35.4496851,
              48.1030923
            ],
            [
              35.4212624,
              48.1001881
            ],
            [
              35.4205126,
              48.1045867
            ],
            [
              35.4162676,
              48.1096858
            ],
            [
              35.4046762,
              48.111658
            ],
            [
              35.4017105,
              48.1146833
            ],
            [
              35.3943568,
              48.1141477
            ],
            [
              35.3830034,
              48.1200412
            ],
            [
              35.3780303,
              48.1180874
            ],
            [
              35.3763249,
              48.1193508
            ],
            [
              35.3687642,
              48.1192433
            ],
            [
              35.365691,
              48.1210151
            ],
            [
              35.3534199,
              48.1210797
            ],
            [
              35.349154,
              48.123167
            ],
            [
              35.3435342,
              48.1234396
            ],
            [
              35.3433623,
              48.1245442
            ],
            [
              35.3384996,
              48.1234298
            ],
            [
              35.3325656,
              48.128131300000014
            ],
            [
              35.2950206,
              48.1443499
            ],
            [
              35.273859,
              48.1441178
            ],
            [
              35.26539430000001,
              48.1420287
            ],
            [
              35.2539868,
              48.1360893
            ],
            [
              35.2418637,
              48.1346782
            ],
            [
              35.2197084,
              48.1427251
            ],
            [
              35.2096784,
              48.140133
            ],
            [
              35.1945477,
              48.1403684
            ],
            [
              35.1790221,
              48.1311071
            ],
            [
              35.1636852,
              48.1287625
            ],
            [
              35.1017463,
              48.1316069
            ],
            [
              35.0848266,
              48.1234013
            ],
            [
              35.0645638,
              48.1224476
            ],
            [
              35.0579429,
              48.1204851
            ],
            [
              35.0446942,
              48.10813390000001
            ],
            [
              35.03891520000001,
              48.0984461
            ],
            [
              35.0200469,
              48.0970349
            ],
            [
              35.0146508,
              48.0947498
            ],
            [
              34.9963497,
              48.0918553
            ],
            [
              34.9902585,
              48.0891896
            ],
            [
              34.9855916,
              48.0966064
            ],
            [
              34.9297378,
              48.0903267
            ],
            [
              34.930067,
              48.0926344
            ],
            [
              34.9147229,
              48.09093690000001
            ],
            [
              34.9104044,
              48.1040582
            ],
            [
              34.91168639999999,
              48.1136994
            ],
            [
              34.9200639,
              48.1145847
            ],
            [
              34.9158128,
              48.1306035
            ],
            [
              34.881325,
              48.127115900000014
            ],
            [
              34.8783006,
              48.1338285
            ],
            [
              34.8551126,
              48.133049
            ],
            [
              34.8756638,
              48.0544638
            ],
            [
              34.8392142,
              48.0505126
            ],
            [
              34.8469684,
              48.0139203
            ],
            [
              34.8583305,
              48.0151785
            ],
            [
              34.8644652,
              48.0016255
            ],
            [
              34.8695389,
              47.9823938
            ],
            [
              34.904884399999986,
              47.9857185
            ],
            [
              34.9124961,
              47.9577887
            ],
            [
              34.9092776,
              47.9573995
            ],
            [
              34.9137254,
              47.9407079
            ],
            [
              34.9190894,
              47.9334607
            ],
            [
              34.8810268,
              47.92890830000001
            ],
            [
              34.8764227,
              47.9419506
            ],
            [
              34.8492,
              47.9377732
            ],
            [
              34.8516809,
              47.9209705
            ],
            [
              34.8019738,
              47.915638
            ],
            [
              34.8171129,
              47.8643294
            ],
            [
              34.828275,
              47.8686746
            ],
            [
              34.8376164,
              47.8698855
            ],
            [
              34.8502521,
              47.8770898
            ],
            [
              34.860842,
              47.8805301
            ],
            [
              34.864016,
              47.8794002
            ],
            [
              34.8708044,
              47.8506261
            ],
            [
              34.8972316,
              47.8528148
            ],
            [
              34.9033773,
              47.8295927
            ],
            [
              34.8788837,
              47.8184011
            ],
            [
              34.8935727,
              47.7601605
            ],
            [
              34.9575165,
              47.7696292
            ],
            [
              34.9649274,
              47.7402064
            ],
            [
              34.9544831,
              47.7390806
            ],
            [
              34.9575224,
              47.7275431
            ],
            [
              34.9518559,
              47.7270494
            ],
            [
              34.95604139999999,
              47.7123379
            ],
            [
              34.9298855,
              47.7115927
            ],
            [
              34.93824,
              47.6774
            ],
            [
              34.90571290000001,
              47.6738848
            ],
            [
              34.9161366,
              47.6338072
            ],
            [
              34.93275230000001,
              47.6358178
            ],
            [
              34.9416662,
              47.6011744
            ],
            [
              34.9372093,
              47.5979805
            ],
            [
              34.9387011,
              47.5946354
            ],
            [
              34.9343747,
              47.5903845
            ],
            [
              34.9315775,
              47.5915668
            ],
            [
              34.9317826,
              47.59334
            ],
            [
              34.9257405,
              47.5940066
            ],
            [
              34.9290786,
              47.5898437
            ],
            [
              34.9344679,
              47.588259
            ],
            [
              34.9359785,
              47.5824982
            ],
            [
              34.927307,
              47.581429
            ],
            [
              34.9275494,
              47.5803095
            ],
            [
              34.9391114,
              47.5804856
            ],
            [
              34.9458807,
              47.5742459
            ],
            [
              34.9348596,
              47.5695404
            ],
            [
              34.9362022,
              47.5682445
            ],
            [
              34.9487339,
              47.572132300000014
            ],
            [
              34.9569205,
              47.5685842
            ],
            [
              34.9655262,
              47.5499983
            ],
            [
              34.9580347,
              47.538279
            ],
            [
              34.945434,
              47.5296215
            ],
            [
              34.9291978,
              47.524718
            ],
            [
              34.8996211,
              47.5182247
            ],
            [
              34.8762616,
              47.5150053
            ],
            [
              34.8622727,
              47.5150718
            ],
            [
              34.8404749,
              47.5210181
            ],
            [
              34.8171027,
              47.5307827
            ],
            [
              34.7963243,
              47.5370197
            ],
            [
              34.7355014,
              47.5389117
            ],
            [
              34.6696871,
              47.5556503
            ],
            [
              34.6449779,
              47.5597593
            ],
            [
              34.5883534,
              47.5623516
            ],
            [
              34.572379,
              47.5616158
            ],
            [
              34.5280762,
              47.5536807
            ],
            [
              34.4984592,
              47.5435748
            ],
            [
              34.4780999,
              47.5342211
            ],
            [
              34.4688614,
              47.532118
            ],
            [
              34.4240417,
              47.5301679
            ],
            [
              34.3457294,
              47.5218916
            ],
            [
              34.299975,
              47.5191405
            ],
            [
              34.268116200000016,
              47.508853
            ],
            [
              34.2341536,
              47.4943982
            ],
            [
              34.2073873,
              47.4882571
            ],
            [
              34.1394646,
              47.4772499
            ],
            [
              34.1699642,
              47.4690813
            ],
            [
              34.2184503,
              47.452729
            ],
            [
              34.230114,
              47.4460149
            ],
            [
              34.2426886,
              47.4338649
            ],
            [
              34.2529693,
              47.4094825
            ],
            [
              34.2563617,
              47.3942107
            ],
            [
              34.2529149,
              47.3911219
            ],
            [
              34.2599647,
              47.3606487
            ],
            [
              34.2711741,
              47.3622316
            ],
            [
              34.2834383,
              47.3263116
            ],
            [
              34.2817997,
              47.3240861
            ],
            [
              34.282583,
              47.3176625
            ],
            [
              34.29299390000001,
              47.2743463
            ],
            [
              34.29973870000001,
              47.2722433
            ],
            [
              34.3022536,
              47.2729715
            ],
            [
              34.3053474,
              47.269141
            ],
            [
              34.3290637,
              47.2907036
            ],
            [
              34.3576058,
              47.2933836
            ],
            [
              34.3695731,
              47.2835733
            ],
            [
              34.4012258,
              47.2871716
            ],
            [
              34.3987212,
              47.298378100000015
            ],
            [
              34.4187949,
              47.3009396
            ],
            [
              34.4134848,
              47.3233412
            ],
            [
              34.4920185,
              47.332266
            ],
            [
              34.4984492,
              47.334959
            ],
            [
              34.5003723,
              47.3385051
            ],
            [
              34.5046165,
              47.3400705
            ],
            [
              34.5121334,
              47.3386697
            ],
            [
              34.5158861,
              47.3362281
            ],
            [
              34.5161696,
              47.3332205
            ],
            [
              34.5088162,
              47.3277382
            ],
            [
              34.5086227,
              47.32538
            ],
            [
              34.5132134,
              47.3243997
            ],
            [
              34.5146898,
              47.3225547
            ],
            [
              34.5138315,
              47.3181455
            ],
            [
              34.4794346,
              47.3151248
            ],
            [
              34.4804555,
              47.3077858
            ],
            [
              34.4877638,
              47.2799494
            ],
            [
              34.5182002,
              47.2835488
            ],
            [
              34.5236425,
              47.26717030000001
            ],
            [
              34.5272052,
              47.2674288
            ],
            [
              34.5300976,
              47.2507598
            ],
            [
              34.4908861,
              47.2468443
            ],
            [
              34.4909976,
              47.2406
            ],
            [
              34.5195021,
              47.1047491
            ],
            [
              34.5534973,
              47.1059694
            ],
            [
              34.5672697,
              47.0244915
            ],
            [
              34.5916567,
              47.0267916
            ],
            [
              34.5996222,
              46.9917725
            ],
            [
              34.6174822,
              46.99331580000001
            ],
            [
              34.6205819,
              46.9881738
            ],
            [
              34.6238427,
              46.9733971
            ],
            [
              34.6425991,
              46.9741138
            ],
            [
              34.6542543,
              46.9766286
            ],
            [
              34.6809711,
              46.9791411
            ],
            [
              34.6854556,
              46.9558631
            ],
            [
              34.7361514,
              46.9614556
            ],
            [
              34.7525692,
              46.8795369
            ],
            [
              34.8046826,
              46.8825274
            ],
            [
              34.8126588,
              46.8336305
            ],
            [
              34.817047399999986,
              46.82893510000001
            ],
            [
              34.7581324,
              46.8227066
            ],
            [
              34.7675765,
              46.7809131
            ],
            [
              34.7501431,
              46.7805134
            ],
            [
              34.7504856,
              46.7578954
            ],
            [
              34.735172200000015,
              46.7570629
            ],
            [
              34.73500520000001,
              46.7473443
            ],
            [
              34.6586929,
              46.7403319
            ],
            [
              34.6612754,
              46.7271564
            ],
            [
              34.6252257,
              46.723972
            ],
            [
              34.6322356,
              46.6876186
            ],
            [
              34.6808284,
              46.6919901
            ],
            [
              34.6835688,
              46.6772691
            ],
            [
              34.6851011,
              46.6770294
            ],
            [
              34.7461772,
              46.6832188
            ],
            [
              34.7563087,
              46.6269756
            ],
            [
              34.7127641,
              46.6200738
            ],
            [
              34.7232991,
              46.5814666
            ],
            [
              34.748275,
              46.5841895
            ],
            [
              34.7576007,
              46.5493238
            ],
            [
              34.8912198,
              46.5625704
            ],
            [
              34.8950368,
              46.5376268
            ],
            [
              34.885143,
              46.5367184
            ],
            [
              34.8903855,
              46.5067797
            ],
            [
              34.9472209,
              46.5124675
            ],
            [
              34.9484152,
              46.503464
            ],
            [
              34.95308149999999,
              46.5037628
            ],
            [
              35.0222178,
              46.4793022
            ],
            [
              35.0534528,
              46.4815667
            ],
            [
              35.0710047,
              46.3797609
            ],
            [
              35.0674756,
              46.3764614
            ],
            [
              35.0582559,
              46.3755365
            ],
            [
              35.06590280000001,
              46.3359148
            ],
            [
              35.0692533,
              46.3301742
            ],
            [
              35.0672758,
              46.3289991
            ],
            [
              35.0735362,
              46.2998986
            ],
            [
              35.0956105,
              46.3017269
            ],
            [
              35.128223,
              46.3020878
            ],
            [
              35.1694604,
              46.2944092
            ],
            [
              35.2274451,
              46.2812001
            ],
            [
              35.2534755,
              46.2710593
            ],
            [
              35.2780627,
              46.264581
            ],
            [
              35.3757487,
              46.1944895
            ],
            [
              35.4680391,
              46.1464862
            ]
          ]
        ]
      }
    }
  ]
}